{"type": "FeatureCollection", "features": [{"type": "Feature", "properties": {"name": "Tỉnh Điện Biên", "name_en": "Điện Biên Province"}, "geometry": {"type": "Polygon", "coordinates": [[[103.4143431, 22.0909858], [103.4135153, 22.0934793], [103.412828, 22.0962607], [103.4123602, 22.0977457], [103.4113213, 22.1007719], [103.4101768, 22.1040835], [103.4089195, 22.1082915], [103.408531, 22.1100064], [103.4076156, 22.1129955], [103.4066408, 22.115774], [103.4065499, 22.1183894], [103.4065229, 22.1207952], [103.406181, 22.123828], [103.4058728, 22.1256965], [103.4051077, 22.1280569], [103.404161, 22.1301674], [103.4014255, 22.132623], [103.398445, 22.1349617], [103.3938244, 22.1390219], [103.3922887, 22.1405727], [103.3913476, 22.1421483], [103.3901672, 22.1449247], [103.3898177, 22.1467927], [103.3898617, 22.1483398], [103.3912629, 22.151409], [103.3920674, 22.1528301], [103.3916095, 22.1552125], [103.3901202, 22.1562672], [103.3874091, 22.1565078], [103.382613, 22.1560783], [103.3801743, 22.155844], [103.3772699, 22.1550514], [103.375882, 22.1544264], [103.3735076, 22.1539445], [103.3715373, 22.1540012], [103.3676978, 22.1542493], [103.3658105, 22.1542304], [103.3635566, 22.1539786], [103.3615926, 22.1535006], [103.3563336, 22.152321], [103.3526044, 22.1519015], [103.3496504, 22.1518716], [103.3469223, 22.1518248], [103.3441303, 22.1519875], [103.3392349, 22.1530452], [103.3340385, 22.153546], [103.3307283, 22.1524047], [103.3293947, 22.1506724], [103.3281733, 22.1481202], [103.3260634, 22.1461126], [103.324678, 22.1452964], [103.3223497, 22.1444322], [103.32078, 22.1435951], [103.3188749, 22.1416277], [103.3186333, 22.1397828], [103.3183409, 22.1382232], [103.3177817, 22.1352194], [103.3160108, 22.1323369], [103.3141637, 22.1306947], [103.3116408, 22.12895], [103.3092357, 22.1276648], [103.307444, 22.1265388], [103.3067019, 22.1251371], [103.3066034, 22.1230738], [103.3069553, 22.1210915], [103.3079183, 22.1194593], [103.3086928, 22.1181497], [103.3091245, 22.1163592], [103.308491, 22.1144432], [103.3067364, 22.1136612], [103.3037283, 22.1130761], [103.302049, 22.1128677], [103.2977867, 22.112556], [103.2957765, 22.1125733], [103.293623, 22.1125698], [103.2921072, 22.1124013], [103.2903159, 22.111275], [103.2872671, 22.1089897], [103.2852874, 22.1064866], [103.2845067, 22.1048936], [103.2841729, 22.1019876], [103.2843554, 22.1004619], [103.2839964, 22.0979184], [103.2835343, 22.0954311], [103.2834588, 22.0931963], [103.2834806, 22.0914015], [103.2835436, 22.089569], [103.2833991, 22.0879635], [103.2809135, 22.0849395], [103.2788412, 22.0833519], [103.2762845, 22.0811098], [103.275252, 22.0800105], [103.2745713, 22.0786667], [103.2736182, 22.0760979], [103.2727238, 22.073778], [103.2726203, 22.0721729], [103.2740086, 22.0692851], [103.2748721, 22.0674037], [103.2769095, 22.0650955], [103.2784482, 22.0633168], [103.2812464, 22.0608066], [103.2837322, 22.058694], [103.2868417, 22.0558623], [103.2879855, 22.0545184], [103.2889933, 22.0525431], [103.2904978, 22.0501909], [103.2912819, 22.0446425], [103.2880507, 22.0405669], [103.2868149, 22.0395718], [103.2846532, 22.0387901], [103.2821918, 22.0382332], [103.2794917, 22.0382379], [103.2773449, 22.0385931], [103.2756645, 22.0390326], [103.2739538, 22.0398215], [103.271962, 22.0402324], [103.270376, 22.0411957], [103.2688526, 22.0423336], [103.2672039, 22.043035], [103.2648223, 22.0436776], [103.2631208, 22.0444295], [103.2612687, 22.0449945], [103.2592736, 22.0453577], [103.2568203, 22.0464274], [103.254261, 22.0471202], [103.2506317, 22.0477325], [103.2490188, 22.0481285], [103.2463713, 22.0483949], [103.244022, 22.048874], [103.2419365, 22.0497625], [103.2405875, 22.0506664], [103.2393792, 22.0517178], [103.2380478, 22.0526051], [103.2363662, 22.0538867], [103.2341203, 22.0558826], [103.2325794, 22.057674], [103.2308695, 22.0588038], [103.2296519, 22.0596799], [103.227951, 22.0612843], [103.2251957, 22.0631734], [103.2231217, 22.0642436], [103.2201923, 22.0658], [103.2182222, 22.0669427], [103.216173, 22.0673578], [103.214073, 22.0684278], [103.2126473, 22.0692787], [103.2108576, 22.0697176], [103.2090154, 22.0697685], [103.207458, 22.0693581], [103.2049659, 22.0685123], [103.202552, 22.0677876], [103.1993606, 22.0678885], [103.1969485, 22.0685707], [103.1943807, 22.0691801], [103.1920162, 22.0694523], [103.1879906, 22.0709712], [103.1811973, 22.073784], [103.1785239, 22.074973], [103.1764577, 22.0759415], [103.1749085, 22.0770062], [103.1733595, 22.0783124], [103.1717074, 22.0800052], [103.1701061, 22.08078], [103.1687528, 22.0799522], [103.1675338, 22.0773333], [103.1670931, 22.0757867], [103.1661798, 22.0745881], [103.1638828, 22.0740221], [103.161148, 22.0744668], [103.1595618, 22.0754155], [103.1579414, 22.0758906], [103.1562528, 22.0758922], [103.1537195, 22.0753264], [103.1513885, 22.0746024], [103.1501374, 22.0731198], [103.1500864, 22.0706222], [103.1490108, 22.0681348], [103.1476924, 22.0670187], [103.1458589, 22.0669696], [103.1442296, 22.0673518], [103.1427911, 22.0682546], [103.1415295, 22.0696904], [103.1399145, 22.0707582], [103.1357462, 22.0718916], [103.1339817, 22.0729342], [103.132625, 22.0744462], [103.1318254, 22.0761862], [103.1303871, 22.0778124], [103.1285961, 22.0796929], [103.1278372, 22.0815852], [103.1269426, 22.0835665], [103.1263738, 22.0852682], [103.1251533, 22.0874783], [103.1242991, 22.0891929], [103.1234991, 22.0907805], [103.1225908, 22.0929014], [103.1215873, 22.0946796], [103.1203857, 22.0955972], [103.1180946, 22.0959647], [103.1160243, 22.0967286], [103.1148234, 22.0978965], [103.1133968, 22.0990617], [103.1115015, 22.0993812], [103.109973, 22.0997049], [103.1077075, 22.1002826], [103.1047367, 22.1008259], [103.1026126, 22.101379], [103.1021704, 22.0990115], [103.1010398, 22.0941358], [103.1004365, 22.0915343], [103.1001967, 22.0892877], [103.0996285, 22.0870748], [103.0980515, 22.085778], [103.0967808, 22.0847734], [103.0958253, 22.0833602], [103.0956826, 22.0808017], [103.0951293, 22.0774755], [103.0948846, 22.0759056], [103.0931817, 22.0741125], [103.0912849, 22.0719253], [103.0903744, 22.0704713], [103.0916534, 22.0675582], [103.0938957, 22.0671101], [103.0951901, 22.0663416], [103.0956527, 22.0648624], [103.0952453, 22.0622183], [103.0952658, 22.0606927], [103.0951809, 22.0587741], [103.09335, 22.0575968], [103.0899374, 22.0575987], [103.0879772, 22.0579052], [103.0862348, 22.0582117], [103.0830037, 22.0582473], [103.0807891, 22.0580786], [103.0782478, 22.058012], [103.0766141, 22.0581146], [103.0741094, 22.0586929], [103.0721853, 22.0588295], [103.0704429, 22.0591357], [103.06714, 22.0610718], [103.0656886, 22.062464], [103.064382, 22.0632113], [103.0628205, 22.062533], [103.0600609, 22.0618213], [103.058681, 22.0609732], [103.0577269, 22.0587301], [103.0569752, 22.0565997], [103.0567866, 22.0545192], [103.0536759, 22.0527905], [103.0514771, 22.0518136], [103.0486347, 22.0498844], [103.0455027, 22.0479556], [103.0438445, 22.0484742], [103.0407988, 22.048041], [103.0392036, 22.0479873], [103.0361582, 22.048693], [103.0343019, 22.0492629], [103.0327938, 22.0500226], [103.0302996, 22.0511079], [103.0287335, 22.0516777], [103.0246732, 22.0550955], [103.0232229, 22.0556653], [103.0193359, 22.0555302], [103.0168414, 22.0547168], [103.0144046, 22.0532525], [103.0128382, 22.052412], [103.0104596, 22.052385], [103.0083712, 22.052792], [103.0066019, 22.0529547], [103.0044844, 22.0515988], [103.0018971, 22.0502566], [102.9989421, 22.0531227], [102.9982539, 22.0516604], [102.9981914, 22.0493792], [102.9955017, 22.0454603], [102.9950639, 22.0436472], [102.9953767, 22.0399623], [102.9947513, 22.0382076], [102.9939382, 22.0357509], [102.9917491, 22.0338791], [102.990936, 22.0323584], [102.990811, 22.0308376], [102.9902482, 22.028732], [102.9883719, 22.0272111], [102.9859953, 22.0269184], [102.9839937, 22.0273277], [102.9806159, 22.0290235], [102.9781138, 22.0307194], [102.9762374, 22.0310701], [102.9741733, 22.0306604], [102.9720469, 22.030075], [102.9700454, 22.0300747], [102.968544, 22.0307764], [102.9669174, 22.0321213], [102.9644775, 22.0347528], [102.9626003, 22.0372091], [102.9630376, 22.0390808], [102.963913, 22.0404263], [102.9641003, 22.042298], [102.9624733, 22.0442278], [102.961347, 22.0456314], [102.9612213, 22.047737], [102.9604701, 22.0496084], [102.9589684, 22.0509534], [102.9561526, 22.0528244], [102.9549012, 22.0539353], [102.9538372, 22.0556313], [102.9525232, 22.0565082], [102.9505836, 22.0568], [102.9485191, 22.0574428], [102.9467668, 22.0591969], [102.9457649, 22.0614778], [102.9434482, 22.0663901], [102.9420088, 22.0674424], [102.9403195, 22.0675588], [102.938255, 22.067558], [102.9357522, 22.067908], [102.9332501, 22.0671466], [102.9311853, 22.0673213], [102.9296831, 22.0687245], [102.9290556, 22.072409], [102.9281781, 22.075567], [102.9286777, 22.0772634], [102.9298658, 22.0789017], [102.9351815, 22.0845189], [102.9358063, 22.0868003], [102.934301, 22.0942864], [102.9334225, 22.0993161], [102.9330463, 22.1010707], [102.9316682, 22.1037606], [102.9291649, 22.104052], [102.9270369, 22.1044605], [102.9251797, 22.1057439], [102.9250665, 22.1014557], [102.9249189, 22.0992277], [102.9256245, 22.0971787], [102.9262867, 22.095003], [102.9263478, 22.0933111], [102.9260744, 22.0917915], [102.9242885, 22.0916448], [102.9226114, 22.0911273], [102.9210832, 22.090529], [102.9193377, 22.0906446], [102.9174038, 22.0904959], [102.9158362, 22.0905862], [102.9141813, 22.0905651], [102.9128981, 22.089391], [102.911853, 22.0881097], [102.9101622, 22.0875229], [102.9083354, 22.0871413], [102.9066883, 22.0865964], [102.9043671, 22.0846785], [102.9029173, 22.0827855], [102.9015756, 22.0815829], [102.9014082, 22.0799131], [102.9002426, 22.0787956], [102.8981849, 22.0780524], [102.8973217, 22.0764701], [102.8952968, 22.0765079], [102.893318, 22.0764274], [102.8920605, 22.0755297], [102.8904461, 22.0747928], [102.8891543, 22.0757113], [102.8873748, 22.0761841], [102.8856743, 22.0772774], [102.8839862, 22.0775446], [102.8820125, 22.0791301], [102.8797384, 22.0800507], [102.8780474, 22.0795578], [102.8757627, 22.0788879], [102.8730952, 22.0788899], [102.8715264, 22.0788693], [102.8691043, 22.0782158], [102.8675956, 22.0768059], [102.8664472, 22.074925], [102.8657245, 22.0734154], [102.8649721, 22.0712837], [102.8644854, 22.0697407], [102.8638451, 22.0679762], [102.8633391, 22.0664146], [102.8641134, 22.0644856], [102.8628563, 22.0626534], [102.8627355, 22.0608852], [102.8610743, 22.0599115], [102.8593815, 22.0600487], [102.8583172, 22.0620992], [102.857004, 22.0630179], [102.8562734, 22.0644672], [102.8550758, 22.0655525], [102.8532407, 22.0658312], [102.8515203, 22.0663316], [102.8498961, 22.0653649], [102.847749, 22.0652747], [102.8460243, 22.0650867], [102.8444832, 22.0654526], [102.8427123, 22.0653742], [102.8406678, 22.0657878], [102.8385846, 22.0648792], [102.8370693, 22.0644925], [102.8353174, 22.065103], [102.8334333, 22.0646922], [102.8312513, 22.0644429], [102.8292001, 22.0643468], [102.8269545, 22.0643996], [102.8251224, 22.064458], [102.8238083, 22.0654048], [102.8218122, 22.0655573], [102.8200649, 22.0658646], [102.8185486, 22.0665056], [102.8174062, 22.067813], [102.8158718, 22.0687699], [102.8135287, 22.0705924], [102.8120666, 22.0720832], [102.8095008, 22.0735928], [102.8074391, 22.0741573], [102.8055665, 22.0754596], [102.8041398, 22.0761009], [102.8022937, 22.0771216], [102.8001483, 22.0784134], [102.7977095, 22.0795912], [102.7959916, 22.0799531], [102.7943152, 22.0801812], [102.7928285, 22.0812861], [102.7913034, 22.0823346], [102.7899247, 22.0833527], [102.7882705, 22.0834038], [102.786611, 22.0837853], [102.7858795, 22.0853559], [102.7837425, 22.0860243], [102.7820067, 22.0862208], [102.7797541, 22.0867408], [102.7781769, 22.0868662], [102.7770184, 22.0879147], [102.7764322, 22.0901455], [102.7762859, 22.0919418], [102.7765761, 22.0935239], [102.7773605, 22.0949913], [102.7786043, 22.0960365], [102.7796692, 22.0979595], [102.7810391, 22.0990577], [102.7801113, 22.1006115], [102.7780372, 22.1009185], [102.7764955, 22.1016941], [102.7751444, 22.104737], [102.7741229, 22.1067782], [102.7723465, 22.1096271], [102.7706424, 22.1121624], [102.7683815, 22.1157805], [102.7670991, 22.1172309], [102.7646519, 22.1169668], [102.7623656, 22.1164741], [102.7604954, 22.1181262], [102.7587176, 22.1196117], [102.7570364, 22.1206791], [102.755874, 22.1216488], [102.7554387, 22.1235722], [102.7551409, 22.1253297], [102.7521951, 22.1267152], [102.7500613, 22.127944], [102.748019, 22.1292157], [102.7464422, 22.1303605], [102.7444588, 22.1314598], [102.7439462, 22.1334166], [102.7428683, 22.1350008], [102.7424992, 22.1373792], [102.7423196, 22.1391995], [102.7415858, 22.1408639], [102.7406512, 22.1428436], [102.7400391, 22.1444205], [102.7392629, 22.1458971], [102.7399237, 22.1478706], [102.7403037, 22.1495175], [102.7411811, 22.1519995], [102.7402673, 22.1543773], [102.7387614, 22.1585489], [102.7383769, 22.1600948], [102.7374527, 22.1616332], [102.7369763, 22.1633035], [102.7371542, 22.1648362], [102.7374817, 22.166853], [102.7372635, 22.1692397], [102.7383931, 22.1717289], [102.7397255, 22.1727955], [102.7413618, 22.1731326], [102.7436385, 22.1742123], [102.7459085, 22.175711], [102.7472268, 22.1776577], [102.7476948, 22.1793412], [102.7476694, 22.180934], [102.7476293, 22.1834489], [102.7475455, 22.1858793], [102.7489379, 22.1888332], [102.7498603, 22.1902295], [102.7498887, 22.1926824], [102.7493665, 22.1943941], [102.7491258, 22.1978679], [102.7502138, 22.1998628], [102.7509779, 22.2022792], [102.7517696, 22.204496], [102.7513857, 22.2059586], [102.7535066, 22.206656], [102.7526001, 22.2079613], [102.7512324, 22.2087178], [102.750184, 22.2101238], [102.7501089, 22.2120757], [102.7507302, 22.2135593], [102.7496537, 22.2148829], [102.7488481, 22.2166881], [102.747741, 22.2180933], [102.7461772, 22.2188085], [102.7442047, 22.2192998], [102.7431485, 22.2211689], [102.743313, 22.2228012], [102.7412579, 22.2230467], [102.7400337, 22.224395], [102.7396547, 22.2260827], [102.7396522, 22.2280761], [102.7385356, 22.229117], [102.7370266, 22.2300256], [102.7355413, 22.2302695], [102.7355158, 22.2318544], [102.7348781, 22.2332664], [102.7328293, 22.2329374], [102.7313681, 22.2325618], [102.7311613, 22.2344712], [102.7295149, 22.2346667], [102.7294535, 22.2366602], [102.7287559, 22.238071], [102.7267929, 22.2378796], [102.7250553, 22.2382651], [102.7230219, 22.2378721], [102.7210244, 22.2379809], [102.7192419, 22.2393529], [102.7175216, 22.2395387], [102.7163328, 22.2386195], [102.7156561, 22.2405807], [102.7136082, 22.2401145], [102.712602, 22.2388476], [102.7110568, 22.2381423], [102.709695, 22.2388067], [102.7089957, 22.2402732], [102.7070321, 22.2418314], [102.7054842, 22.2430946], [102.7037007, 22.2434984], [102.7023958, 22.2442735], [102.7010863, 22.2453221], [102.699264, 22.2454057], [102.6979875, 22.2462358], [102.6964985, 22.2456948], [102.6948555, 22.2455894], [102.6929026, 22.2464646], [102.6930813, 22.247989], [102.6919808, 22.2492405], [102.6899244, 22.2502175], [102.6883906, 22.2510529], [102.6871656, 22.2525634], [102.6854669, 22.2536945], [102.6840947, 22.2544203], [102.6831126, 22.2557479], [102.6815624, 22.2562961], [102.6812724, 22.2578603], [102.680067, 22.2588887], [102.679116, 22.2605051], [102.677976, 22.2615652], [102.6761348, 22.2616197], [102.6714991, 22.2585208], [102.6697878, 22.2572702], [102.667896, 22.2561415], [102.6646603, 22.2554197], [102.6632993, 22.2545474], [102.6617443, 22.2538498], [102.6644954, 22.2515439], [102.666531, 22.250898], [102.6682175, 22.2505668], [102.6695204, 22.2480269], [102.6707644, 22.2467299], [102.6726014, 22.246543], [102.674216, 22.2459436], [102.6761647, 22.244923], [102.6783309, 22.244828], [102.6800726, 22.243813], [102.6812566, 22.2417503], [102.6824987, 22.2402555], [102.6839397, 22.2390157], [102.6857925, 22.2374036], [102.6871627, 22.2363517], [102.6873684, 22.2341174], [102.686874, 22.2312745], [102.6882137, 22.2279536], [102.6894577, 22.2263328], [102.6901629, 22.2245782], [102.6915328, 22.2235263], [102.6934674, 22.221033], [102.69424, 22.2192793], [102.6947587, 22.2165138], [102.6958265, 22.2132519], [102.697637, 22.2100635], [102.6976719, 22.2079213], [102.6973438, 22.2052382], [102.6961999, 22.2007477], [102.6956918, 22.1987238], [102.6941698, 22.1966856], [102.6925678, 22.1954025], [102.6912373, 22.1940602], [102.6894877, 22.1935313], [102.6883569, 22.1923808], [102.6880802, 22.1906963], [102.6876618, 22.1873528], [102.6872184, 22.1855202], [102.686981, 22.1835017], [102.6855995, 22.1811521], [102.6841402, 22.1794309], [102.6826726, 22.1784007], [102.6817105, 22.1752367], [102.6810074, 22.1727695], [102.6795484, 22.1710475], [102.6780169, 22.1696396], [102.6774316, 22.1682451], [102.6761683, 22.166967], [102.6736523, 22.1678761], [102.6719577, 22.168167], [102.6695883, 22.1683851], [102.6677325, 22.1702487], [102.6661564, 22.1715492], [102.6639521, 22.1719902], [102.6626473, 22.1732316], [102.6606708, 22.1742114], [102.6591726, 22.1748829], [102.6576118, 22.1752385], [102.65531, 22.1754574], [102.6537566, 22.175372], [102.6507217, 22.1749502], [102.6486299, 22.174731], [102.6461378, 22.174191], [102.6442382, 22.1746046], [102.6426639, 22.1757789], [102.6405594, 22.1763155], [102.6390559, 22.1773018], [102.637794, 22.1799926], [102.6368766, 22.1823105], [102.6369104, 22.1843271], [102.6364648, 22.1867149], [102.6346897, 22.1877602], [102.6310442, 22.1874552], [102.6288772, 22.1876757], [102.6274626, 22.1893877], [102.6264698, 22.1921454], [102.6247399, 22.1945144], [102.62301, 22.1968833], [102.6209737, 22.1973575], [102.619078, 22.1975189], [102.6180708, 22.1991108], [102.6174263, 22.2012434], [102.6173172, 22.203699], [102.6180204, 22.2061034], [102.6187461, 22.2091697], [102.6185094, 22.2111824], [102.6178722, 22.2128742], [102.6164334, 22.2139872], [102.6166741, 22.2157548], [102.6176615, 22.2173444], [102.6175234, 22.219516], [102.6161277, 22.2220788], [102.6170433, 22.2239192], [102.6186422, 22.2253287], [102.6202382, 22.2269272], [102.6200013, 22.2289399], [102.6197872, 22.2316021], [102.619691, 22.2333004], [102.6185762, 22.2352358], [102.6167466, 22.2354608], [102.6149835, 22.2357497], [102.6131314, 22.2372965], [102.6106719, 22.2387713], [102.6089023, 22.2394379], [102.6068751, 22.239345], [102.605674, 22.238383], [102.6033465, 22.2400485], [102.6005209, 22.2431547], [102.5985398, 22.2443216], [102.5956425, 22.2456222], [102.5941622, 22.2464258], [102.5938247, 22.248108], [102.592606, 22.249418], [102.5888351, 22.2510132], [102.587231, 22.2522816], [102.5863526, 22.2539916], [102.5847423, 22.2556188], [102.5832651, 22.2562429], [102.5805228, 22.2586071], [102.5796511, 22.2599223], [102.578287, 22.2606916], [102.5755536, 22.2602919], [102.5734314, 22.2602602], [102.5719596, 22.2605613], [102.5699899, 22.2606394], [102.5679186, 22.2598906], [102.565835, 22.2598594], [102.5642835, 22.2603027], [102.5629063, 22.2596001], [102.561735, 22.2581467], [102.5608034, 22.2562302], [102.5599763, 22.2549615], [102.5592295, 22.2535145], [102.5591412, 22.2519338], [102.5587877, 22.250062], [102.5573869, 22.2484974], [102.5562165, 22.2470082], [102.5552407, 22.2454142], [102.5545465, 22.2440617], [102.5524288, 22.2433067], [102.5508854, 22.243127], [102.5475321, 22.2426383], [102.5453546, 22.2421984], [102.5435425, 22.2420146], [102.5416154, 22.2426428], [102.5389773, 22.2435417], [102.5376823, 22.245093], [102.5364368, 22.2460581], [102.5348627, 22.2462882], [102.5332944, 22.2462008], [102.5324197, 22.2474256], [102.5290012, 22.249691], [102.5267555, 22.251244], [102.5243178, 22.252064], [102.5219926, 22.2542506], [102.520597, 22.2559751], [102.5191398, 22.2573179], [102.5167915, 22.2588692], [102.5148907, 22.2602051], [102.513538, 22.2614224], [102.513328, 22.2636413], [102.5121984, 22.2676871], [102.5108607, 22.2699838], [102.50925, 22.2722765], [102.5092498, 22.2742129], [102.5093823, 22.2763734], [102.5084634, 22.278137], [102.5074136, 22.279581], [102.5064334, 22.2809627], [102.5048895, 22.2833197], [102.5033597, 22.2848834], [102.5019006, 22.2874043], [102.5002541, 22.2894211], [102.4990938, 22.2903743], [102.4978394, 22.2914891], [102.4969413, 22.2927684], [102.4952877, 22.293265], [102.4942105, 22.2921703], [102.4925687, 22.2937328], [102.4906249, 22.2955384], [102.490063, 22.2971615], [102.490207, 22.2987517], [102.4910869, 22.3003679], [102.4902944, 22.3026283], [102.4889961, 22.3042546], [102.4871496, 22.3058576], [102.4849701, 22.3068146], [102.4834684, 22.3092824], [102.482352, 22.3103724], [102.4819144, 22.3120555], [102.4793364, 22.3151186], [102.477579, 22.3169851], [102.4761444, 22.3183323], [102.4745933, 22.3191822], [102.4739872, 22.3215038], [102.4736574, 22.3232905], [102.4736833, 22.3253306], [102.4733873, 22.3269723], [102.471555, 22.3277595], [102.4696909, 22.3285753], [102.4684745, 22.3299841], [102.467624, 22.3319521], [102.465298, 22.3349023], [102.4641164, 22.3361075], [102.4628758, 22.3371079], [102.4615608, 22.3378886], [102.4581159, 22.3394371], [102.4566192, 22.3407248], [102.4563655, 22.3426147], [102.4566728, 22.3446883], [102.4567342, 22.3490743], [102.4546478, 22.3508917], [102.4529957, 22.3520895], [102.4523361, 22.3538856], [102.4519584, 22.3556861], [102.4498852, 22.3584943], [102.4479935, 22.3607954], [102.4463516, 22.3614396], [102.4443152, 22.3622087], [102.4423326, 22.3643335], [102.4407075, 22.3657647], [102.4391371, 22.3659147], [102.4375449, 22.3655397], [102.4357636, 22.3652202], [102.4320936, 22.3678862], [102.4296264, 22.3690707], [102.4274853, 22.3695612], [102.4260296, 22.3702956], [102.4258603, 22.3718225], [102.4254866, 22.37339], [102.4241656, 22.3753211], [102.4239283, 22.3771383], [102.424127, 22.3799677], [102.4236809, 22.3820584], [102.4224871, 22.383875], [102.4208594, 22.3854224], [102.4193881, 22.3861419], [102.4173814, 22.3878289], [102.4147598, 22.3880055], [102.4126941, 22.3877976], [102.4100301, 22.3877258], [102.4083827, 22.3886317], [102.4065438, 22.3905637], [102.4056099, 22.391888], [102.4046846, 22.3944352], [102.404024, 22.3962297], [102.4023403, 22.3973963], [102.4011614, 22.3983965], [102.4004095, 22.3998958], [102.3993314, 22.4009547], [102.3975429, 22.4014192], [102.3959657, 22.4008556], [102.3943382, 22.4004259], [102.392877, 22.4013888], [102.3914032, 22.4030243], [102.3909808, 22.4050353], [102.389988, 22.4066786], [102.3886278, 22.407374], [102.3876813, 22.4091077], [102.387171, 22.4106689], [102.3891437, 22.4121964], [102.3903461, 22.4132105], [102.3913982, 22.4144387], [102.3925625, 22.4156445], [102.3918136, 22.4170602], [102.3912384, 22.4188396], [102.3912429, 22.4204439], [102.3929044, 22.4203665], [102.3951388, 22.4186219], [102.3965436, 22.4180028], [102.3980642, 22.4180995], [102.3975549, 22.4195831], [102.3976021, 22.4221267], [102.3971494, 22.4243606], [102.3964397, 22.4264164], [102.396283, 22.4285627], [102.3966932, 22.4300382], [102.3969275, 22.4323444], [102.3962007, 22.4337479], [102.3950716, 22.4348183], [102.3930464, 22.4369899], [102.3918281, 22.4381405], [102.3908397, 22.4394852], [102.390693, 22.4410885], [102.3907205, 22.4450759], [102.3910545, 22.4475033], [102.3916045, 22.4493084], [102.3918489, 22.4510677], [102.391376, 22.4529377], [102.3921285, 22.454855], [102.3924997, 22.4568476], [102.3924298, 22.4590236], [102.3925026, 22.4605897], [102.3904978, 22.4616458], [102.3887878, 22.4625433], [102.3874515, 22.4637464], [102.3865372, 22.4657998], [102.386507, 22.4674049], [102.385651, 22.4686838], [102.3836799, 22.4694954], [102.3818165, 22.4692202], [102.3800659, 22.4691646], [102.3779026, 22.4708711], [102.3757889, 22.4714898], [102.3727787, 22.4716586], [102.3711303, 22.4715908], [102.3698533, 22.4727402], [102.3683669, 22.4741582], [102.3666554, 22.47511], [102.3648699, 22.475353], [102.363037, 22.4750235], [102.3617313, 22.4760433], [102.3612872, 22.4789767], [102.3609659, 22.480555], [102.3602304, 22.4820469], [102.3594756, 22.4834089], [102.3591441, 22.4850873], [102.3590258, 22.4870487], [102.359586, 22.4886964], [102.3583154, 22.4898988], [102.3567082, 22.4904991], [102.3550681, 22.4906836], [102.3529044, 22.4907312], [102.3513114, 22.491007], [102.3497791, 22.4906345], [102.3481306, 22.4904261], [102.3479929, 22.4921228], [102.348045, 22.4936339], [102.3471305, 22.4952875], [102.347653, 22.4967761], [102.3478998, 22.4982753], [102.3470576, 22.4995646], [102.3469212, 22.5020257], [102.3474583, 22.5035845], [102.3484129, 22.5051502], [102.346821, 22.5057051], [102.3451865, 22.5053737], [102.345927, 22.5072126], [102.3443342, 22.507823], [102.3433114, 22.5090434], [102.3432524, 22.5105659], [102.3431285, 22.5123643], [102.342268, 22.5136797], [102.3414454, 22.5153419], [102.3397491, 22.5166711], [102.3387533, 22.5188152], [102.3384362, 22.5205689], [102.3390052, 22.5220187], [102.3377365, 22.5228286], [102.3389414, 22.5237904], [102.3403421, 22.5246584], [102.3413021, 22.5259483], [102.3425386, 22.5283786], [102.3409587, 22.5282972], [102.3392664, 22.5278536], [102.3381078, 22.5291363], [102.3366789, 22.5297359], [102.3359929, 22.5312757], [102.3340624, 22.5323517], [102.3337616, 22.5340364], [102.3321454, 22.5342866], [102.3306026, 22.5338177], [102.3302598, 22.5353493], [102.3288306, 22.5367382], [102.3290624, 22.5386533], [102.3277635, 22.5394627], [102.3259317, 22.5423822], [102.3250089, 22.5438072], [102.3230438, 22.5435806], [102.3228338, 22.5459453], [102.3237599, 22.5472702], [102.3219861, 22.5470375], [102.3203815, 22.5475655], [102.3193174, 22.5465035], [102.3184157, 22.5452737], [102.3166828, 22.5454413], [102.3175233, 22.5438299], [102.315751, 22.5437826], [102.315037, 22.5420716], [102.3133836, 22.5416692], [102.3117533, 22.5416232], [102.3104298, 22.5403959], [102.3108546, 22.5389424], [102.3092923, 22.5378417], [102.3083288, 22.5362199], [102.3066927, 22.5355027], [102.3049021, 22.5349995], [102.3037594, 22.533713], [102.3021414, 22.5331191], [102.3009287, 22.530989], [102.3002119, 22.5291715], [102.3004681, 22.5271541], [102.3001243, 22.5250229], [102.2983509, 22.5238725], [102.2971603, 22.5223875], [102.296784, 22.520653], [102.297602, 22.519073], [102.296412, 22.517837], [102.295296, 22.51667], [102.29485, 22.514953], [102.293511, 22.513923], [102.293958, 22.511862], [102.293883, 22.509939], [102.292619, 22.50836], [102.29076, 22.508085], [102.289718, 22.506231], [102.288677, 22.505063], [102.2889, 22.503415], [102.28719, 22.50314], [102.285702, 22.502728], [102.2823884, 22.5028045], [102.2808743, 22.5025149], [102.2797496, 22.5012206], [102.2793154, 22.49976], [102.2780465, 22.4985376], [102.2777731, 22.4961503], [102.276482, 22.4938551], [102.2767063, 22.4923391], [102.2763986, 22.4902886], [102.275291, 22.488725], [102.2757793, 22.4869848], [102.2760126, 22.4846577], [102.2775459, 22.4824692], [102.2753737, 22.4796892], [102.2737534, 22.4800637], [102.2719935, 22.4809204], [102.2691148, 22.4799948], [102.2670745, 22.4790055], [102.2658404, 22.4776362], [102.2651159, 22.4760051], [102.265474, 22.473823], [102.265102, 22.470595], [102.2643301, 22.4684272], [102.2637281, 22.4668762], [102.2626325, 22.4653188], [102.2606498, 22.465604], [102.2588764, 22.4661739], [102.2572292, 22.4650682], [102.2546601, 22.4645935], [102.2523918, 22.4634562], [102.2508799, 22.4628542], [102.2492398, 22.4624467], [102.2487066, 22.4599611], [102.2488668, 22.4584266], [102.2496443, 22.4564356], [102.2511811, 22.4549586], [102.2533465, 22.4535614], [102.254987, 22.451503], [102.256266, 22.4497007], [102.2572322, 22.4477701], [102.257727, 22.4450576], [102.258929, 22.442644], [102.260667, 22.4405741], [102.2617597, 22.4393904], [102.2630369, 22.4374588], [102.2640098, 22.4359527], [102.265027, 22.434746], [102.2663025, 22.4328852], [102.2668586, 22.4307413], [102.266259, 22.4282792], [102.2671298, 22.4265914], [102.2684411, 22.4252333], [102.2683127, 22.4237235], [102.2664468, 22.4220547], [102.2662168, 22.4201008], [102.2660231, 22.4184267], [102.2642096, 22.4157487], [102.26251, 22.4138844], [102.2593395, 22.4145402], [102.2562342, 22.4157589], [102.2539123, 22.417323], [102.252384, 22.41847], [102.2505083, 22.4201135], [102.2481748, 22.4210904], [102.2463255, 22.420843], [102.242373, 22.424783], [102.240683, 22.426051], [102.2388033, 22.4277552], [102.2371118, 22.4276838], [102.2353945, 22.4263873], [102.233465, 22.426017], [102.2321462, 22.4277014], [102.2306418, 22.4280068], [102.2288751, 22.4266797], [102.2271904, 22.4270252], [102.2256881, 22.4274684], [102.2241129, 22.4263395], [102.2226316, 22.4253783], [102.220358, 22.426197], [102.2190071, 22.4270404], [102.216134, 22.428586], [102.214498, 22.429609], [102.2120614, 22.4314789], [102.21057, 22.4300672], [102.2090091, 22.4291369], [102.2075446, 22.4286151], [102.2049414, 22.4287975], [102.202778, 22.428342], [102.201088, 22.428635], [102.199135, 22.429853], [102.196601, 22.431072], [102.1951932, 22.4316739], [102.193132, 22.4316981], [102.1916366, 22.4324194], [102.1887911, 22.4337527], [102.1868395, 22.4343263], [102.185442, 22.4337299], [102.1834468, 22.4332019], [102.1813877, 22.4323031], [102.179105, 22.4318117], [102.1775629, 22.4320854], [102.1756728, 22.4325286], [102.1736662, 22.4315055], [102.1723661, 22.4307015], [102.1710451, 22.4296877], [102.1702726, 22.428244], [102.1678939, 22.4282752], [102.1664319, 22.4287328], [102.1647566, 22.4288482], [102.1628727, 22.4294139], [102.1602273, 22.4295644], [102.1586323, 22.4289712], [102.1584701, 22.4271631], [102.158062, 22.425417], [102.1555781, 22.4251154], [102.1541024, 22.4247922], [102.154947, 22.421664], [102.155475, 22.419957], [102.15463, 22.418056], [102.1538718, 22.4160517], [102.1523113, 22.4133876], [102.1521386, 22.4118107], [102.1510683, 22.4105764], [102.1495856, 22.4103263], [102.1489583, 22.4080339], [102.1477146, 22.4069079], [102.1462741, 22.4063812], [102.1458418, 22.4039507], [102.146071, 22.4022705], [102.1446967, 22.4014123], [102.1450592, 22.3955389], [102.146667, 22.392222], [102.1481821, 22.3904474], [102.1495052, 22.3894006], [102.151111, 22.388333], [102.1528087, 22.3869962], [102.1553081, 22.3859183], [102.1571045, 22.384795], [102.1586182, 22.3848699], [102.1591508, 22.3832139], [102.1603874, 22.3817368], [102.1613859, 22.3799581], [102.1623063, 22.3781384], [102.1635328, 22.3769641], [102.1650127, 22.3763744], [102.1666519, 22.3760716], [102.1680444, 22.3752304], [102.1676636, 22.3736065], [102.1689348, 22.3724312], [102.1706437, 22.371335], [102.1689832, 22.3698464], [102.1676376, 22.3679962], [102.1669953, 22.3665308], [102.1656767, 22.3645239], [102.1641933, 22.3626385], [102.1633619, 22.3612926], [102.1638534, 22.3595376], [102.1646205, 22.3581389], [102.1647255, 22.355339], [102.1662225, 22.3531735], [102.1670841, 22.3506919], [102.1680091, 22.3492619], [102.1693324, 22.3484942], [102.1703002, 22.3473362], [102.1736404, 22.3432258], [102.1769832, 22.3395786], [102.1782867, 22.3385845], [102.1800081, 22.3384789], [102.182245, 22.3404385], [102.1840936, 22.3412388], [102.1855946, 22.341265], [102.1898403, 22.3402655], [102.1922802, 22.3393588], [102.1945408, 22.3377259], [102.1959541, 22.335982], [102.1942078, 22.3350087], [102.1924559, 22.3336113], [102.1909634, 22.3319587], [102.1897821, 22.3304921], [102.1891954, 22.3289567], [102.1887516, 22.326938], [102.1869149, 22.3255504], [102.1843915, 22.3246027], [102.1818667, 22.3237228], [102.1804677, 22.3216501], [102.1791627, 22.3191208], [102.1779992, 22.3167743], [102.1773794, 22.3150924], [102.1773439, 22.3120429], [102.1772114, 22.307795], [102.1772052, 22.3056946], [102.1792535, 22.3049623], [102.1808026, 22.3049894], [102.1829938, 22.3043724], [102.1843672, 22.3034929], [102.1859954, 22.3030907], [102.1876175, 22.3025628], [102.1894051, 22.3025938], [102.1905999, 22.3013583], [102.192037, 22.3001476], [102.1934911, 22.2991843], [102.1956411, 22.2987479], [102.1984971, 22.2972321], [102.2001678, 22.2964784], [102.2015303, 22.2956783], [102.2020477, 22.2940809], [102.2033486, 22.293053], [102.2046715, 22.2920256], [102.2077969, 22.2913793], [102.2095872, 22.2912659], [102.2110938, 22.2909829], [102.2109042, 22.2894146], [102.2112443, 22.2878554], [102.2129781, 22.2872467], [102.2145841, 22.2875214], [102.2159481, 22.2866387], [102.2180256, 22.2865096], [102.2198318, 22.2867054], [102.222309, 22.2864595], [102.2239623, 22.2865702], [102.2253849, 22.2860796], [102.2261206, 22.2845889], [102.2285193, 22.2849594], [102.2303761, 22.2848263], [102.2322636, 22.2842613], [102.2341471, 22.2827695], [102.2339943, 22.2804398], [102.2336703, 22.2778394], [102.2330162, 22.2763043], [102.2311757, 22.2756139], [102.2316499, 22.273954], [102.2314044, 22.2718491], [102.2336117, 22.2696009], [102.2335154, 22.2677664], [102.232456, 22.2655702], [102.2333652, 22.2641805], [102.2350328, 22.2635499], [102.2365518, 22.2626285], [102.2372187, 22.26126], [102.2370505, 22.2597126], [102.2383888, 22.258994], [102.2398903, 22.2589578], [102.2402869, 22.2568363], [102.2416412, 22.2552489], [102.2424437, 22.2539205], [102.2416346, 22.2526453], [102.2400629, 22.2506593], [102.238404, 22.2487253], [102.2383044, 22.2464691], [102.2389355, 22.2450842], [102.2395637, 22.242384], [102.2399785, 22.2402974], [102.240999, 22.2383822], [102.2446273, 22.2370546], [102.2463623, 22.2365141], [102.2481622, 22.2365802], [102.2496533, 22.2367479], [102.2513843, 22.236421], [102.2533096, 22.2359548], [102.2555536, 22.2358389], [102.2570184, 22.2354003], [102.2586281, 22.2353918], [102.2607572, 22.2342869], [102.2628071, 22.2343036], [102.2645075, 22.2355443], [102.2674953, 22.2375908], [102.2698377, 22.237345], [102.2712648, 22.2368699], [102.2729558, 22.2356329], [102.2732773, 22.2337212], [102.2726458, 22.2318491], [102.2726185, 22.2296059], [102.2723388, 22.2279227], [102.271343, 22.2259097], [102.2724014, 22.2246798], [102.274325, 22.2242843], [102.2757686, 22.2229539], [102.2773889, 22.2213948], [102.2783266, 22.220026], [102.2775261, 22.2182601], [102.2768146, 22.2164123], [102.2768531, 22.2144167], [102.2769153, 22.2121899], [102.2778212, 22.2109217], [102.2792582, 22.209912], [102.2788344, 22.2080512], [102.2783674, 22.2064393], [102.2789346, 22.2048446], [102.280868, 22.2059106], [102.2821127, 22.2069296], [102.2837802, 22.2078843], [102.2849944, 22.2069892], [102.2863209, 22.2062691], [102.2900773, 22.206189], [102.291745, 22.2058425], [102.2936995, 22.2051087], [102.2956132, 22.2052119], [102.2973697, 22.2055262], [102.2984655, 22.2043323], [102.2993745, 22.2028859], [102.3021695, 22.2014046], [102.3059215, 22.202121], [102.307817, 22.2031863], [102.3090058, 22.2051309], [102.3090611, 22.2072529], [102.3099532, 22.2086935], [102.3117214, 22.208402], [102.3137402, 22.2070093], [102.3151421, 22.2058204], [102.3171167, 22.2047479], [102.3187356, 22.20424], [102.3210165, 22.2031724], [102.3222472, 22.2014792], [102.3227757, 22.1995311], [102.324518, 22.1973301], [102.3259965, 22.1961424], [102.3280279, 22.1950886], [102.3301062, 22.194588], [102.3314455, 22.1926493], [102.3319508, 22.1902334], [102.3321149, 22.1886497], [102.3339352, 22.1876101], [102.3346267, 22.1853565], [102.3346488, 22.1832906], [102.3344552, 22.1813622], [102.3345722, 22.1792253], [102.3348478, 22.1768057], [102.3344872, 22.1740273], [102.3343231, 22.1711111], [102.3343528, 22.1695431], [102.33461, 22.1670697], [102.3364482, 22.16642], [102.3387208, 22.1664239], [102.340886, 22.1653541], [102.3429659, 22.1647463], [102.3445359, 22.163756], [102.3462328, 22.1631419], [102.3489852, 22.1634363], [102.3511142, 22.1642909], [102.3533978, 22.1650767], [102.3552607, 22.1658199], [102.3565825, 22.1668395], [102.3583742, 22.1672964], [102.3609317, 22.1652736], [102.3629796, 22.1637525], [102.364731, 22.1634925], [102.3666177, 22.1617437], [102.3670476, 22.1601591], [102.3679951, 22.1589515], [102.3708497, 22.1576589], [102.3729082, 22.1561236], [102.3745093, 22.1544738], [102.3759386, 22.1538194], [102.3776643, 22.1537046], [102.379289, 22.1522398], [102.3805318, 22.150881], [102.3826945, 22.1499175], [102.3837297, 22.148822], [102.3841213, 22.1462863], [102.3842375, 22.1441492], [102.3843173, 22.1419045], [102.3846182, 22.1401268], [102.3849486, 22.1377971], [102.3846857, 22.1354399], [102.3840508, 22.1314548], [102.384159, 22.1297454], [102.3857505, 22.1285945], [102.388415, 22.1273893], [102.3901463, 22.1269535], [102.3925251, 22.1267065], [102.3947515, 22.1264212], [102.3968832, 22.1260809], [102.3987974, 22.1261114], [102.4013327, 22.1256884], [102.4033572, 22.1259701], [102.4062011, 22.1275127], [102.4076758, 22.1280574], [102.4088415, 22.1265742], [102.4103348, 22.1244945], [102.4115482, 22.1230521], [102.413554, 22.122264], [102.4151897, 22.1218087], [102.4167517, 22.1201578], [102.4179567, 22.1191787], [102.4194582, 22.1187389], [102.4202879, 22.117326], [102.4214546, 22.1163463], [102.4231084, 22.1159446], [102.4253329, 22.1157659], [102.4269803, 22.1157204], [102.4292714, 22.1160774], [102.4310096, 22.1163009], [102.4330666, 22.1169036], [102.4347546, 22.1166512], [102.4340974, 22.114959], [102.4338195, 22.1133861], [102.435736, 22.1101185], [102.4373803, 22.1081121], [102.438095, 22.1066973], [102.4386601, 22.1051018], [102.4395799, 22.1035627], [102.44063, 22.1020312], [102.4409904, 22.1000938], [102.439283, 22.097108], [102.4388688, 22.0956576], [102.4388602, 22.0940175], [102.4380037, 22.092685], [102.4380702, 22.0911174], [102.4389739, 22.0898481], [102.4402939, 22.088835], [102.4420926, 22.0878114], [102.4438451, 22.0861632], [102.4454024, 22.084726], [102.4455448, 22.0831952], [102.445259, 22.0809981], [102.4446002, 22.0793121], [102.4429627, 22.0788231], [102.4410945, 22.0784017], [102.441246, 22.076372], [102.4418463, 22.0749196], [102.4433895, 22.0742664], [102.4453919, 22.0746721], [102.4472871, 22.0735964], [102.4486024, 22.0728327], [102.4502959, 22.0723244], [102.4521311, 22.0724599], [102.4541792, 22.0713866], [102.4566866, 22.0703204], [102.4583463, 22.0695619], [102.4596009, 22.0679058], [102.4598474, 22.0658952], [102.4630531, 22.0643051], [102.4666746, 22.0630065], [102.4693373, 22.0617998], [102.4712514, 22.0617946], [102.4727869, 22.0615689], [102.4727389, 22.0599648], [102.4722678, 22.0584608], [102.4737834, 22.0572014], [102.4747543, 22.0553513], [102.4755873, 22.0537238], [102.4770606, 22.0526767], [102.4782322, 22.0513754], [102.4786103, 22.0494913], [102.4808938, 22.0470124], [102.4821846, 22.0454632], [102.4832484, 22.0437679], [102.4840973, 22.0423011], [102.4854889, 22.041538], [102.4870607, 22.0414194], [102.4883017, 22.0405113], [102.4898133, 22.0394647], [102.4913842, 22.0393818], [102.4925889, 22.0383661], [102.4945922, 22.0354728], [102.4959656, 22.0346558], [102.4973665, 22.035533], [102.4985341, 22.0366206], [102.5001232, 22.0372364], [102.5014783, 22.0362539], [102.5013515, 22.0344271], [102.5026155, 22.033562], [102.504124, 22.0342419], [102.5054696, 22.0349184], [102.5072773, 22.0361111], [102.5088629, 22.0370056], [102.5106105, 22.0361953], [102.5128225, 22.0345405], [102.5146165, 22.0345993], [102.5159122, 22.0326063], [102.5172724, 22.0317737], [102.5190198, 22.0305801], [102.5197182, 22.0290676], [102.5197169, 22.026377], [102.5193187, 22.0248094], [102.5172734, 22.0244157], [102.5156692, 22.0238886], [102.5141801, 22.0228278], [102.5124895, 22.0218942], [102.5109131, 22.0209183], [102.5097255, 22.019577], [102.5080074, 22.0192289], [102.5042168, 22.0174757], [102.5023489, 22.0163946], [102.5014015, 22.01424], [102.4996496, 22.0146129], [102.4980894, 22.0138872], [102.4957951, 22.0134768], [102.4942691, 22.0141666], [102.4931679, 22.0129697], [102.4926034, 22.0114791], [102.4921044, 22.0094276], [102.4905762, 22.0086713], [102.4890217, 22.0081175], [102.4880319, 22.0067267], [102.4888232, 22.0045817], [102.4875747, 22.0032872], [102.4875673, 21.9999762], [102.4875992, 21.998134], [102.4877028, 21.99619], [102.4893427, 21.9945977], [102.4902968, 21.9932259], [102.4923084, 21.9916394], [102.4929575, 21.9899742], [102.4935477, 21.9881347], [102.4945626, 21.9868217], [102.4962531, 21.9858655], [102.4978744, 21.9853127], [102.4991443, 21.9835991], [102.4999192, 21.9818203], [102.5021147, 21.9800107], [102.5031712, 21.9784636], [102.5032373, 21.9768658], [102.5050248, 21.9771062], [102.5053633, 21.9751929], [102.5061546, 21.9735351], [102.5088578, 21.9715512], [102.5113854, 21.9697953], [102.5129, 21.9681841], [102.5138064, 21.9664925], [102.5152638, 21.9659817], [102.5176616, 21.9661956], [102.5198616, 21.9668328], [102.5218713, 21.966348], [102.5239845, 21.9653852], [102.525182, 21.9644795], [102.5269608, 21.9630143], [102.5299862, 21.9622071], [102.5317121, 21.9615936], [102.5354901, 21.960247], [102.5372628, 21.9591367], [102.5395817, 21.9572884], [102.5407451, 21.9561335], [102.5419865, 21.9548731], [102.5440125, 21.9534289], [102.5458503, 21.952959], [102.5473756, 21.9529108], [102.5490731, 21.9517282], [102.5503163, 21.9503612], [102.5530584, 21.9482704], [102.5578969, 21.945056], [102.5595548, 21.9439437], [102.5612423, 21.9433292], [102.5631507, 21.9420608], [102.5643167, 21.940728], [102.5646096, 21.9392047], [102.5659976, 21.938266], [102.5677225, 21.9376875], [102.569944, 21.9370454], [102.5722471, 21.9360847], [102.5740494, 21.9354361], [102.5759068, 21.9349129], [102.5775095, 21.9347945], [102.5793827, 21.9344668], [102.5811381, 21.9320766], [102.5833871, 21.9298004], [102.5848934, 21.9286145], [102.5868673, 21.9279507], [102.5888449, 21.9281929], [102.5906078, 21.9276148], [102.5922284, 21.9264306], [102.5937353, 21.9252091], [102.5952326, 21.924556], [102.5969933, 21.925239], [102.5993573, 21.925167], [102.6011153, 21.9248729], [102.6027126, 21.9250738], [102.605488, 21.9231958], [102.6083828, 21.9221542], [102.6099168, 21.9215725], [102.6116826, 21.9208165], [102.6130779, 21.9194155], [102.6139034, 21.9178999], [102.6155373, 21.9158984], [102.616378, 21.9146138], [102.617322, 21.912851], [102.6179576, 21.9112969], [102.6188288, 21.9093198], [102.6199047, 21.9053383], [102.6204766, 21.9030371], [102.6209087, 21.900999], [102.6207612, 21.8985112], [102.6200242, 21.8970083], [102.6190403, 21.8954486], [102.6173063, 21.894322], [102.6165559, 21.8913267], [102.616085, 21.8898631], [102.6139231, 21.8858347], [102.613417, 21.884193], [102.6127227, 21.8824064], [102.6107208, 21.8802279], [102.6105243, 21.8783064], [102.6121296, 21.8757005], [102.6141347, 21.8731182], [102.6154807, 21.872356], [102.6169726, 21.8719868], [102.6194179, 21.8715603], [102.6212479, 21.8714801], [102.6233228, 21.8704087], [102.625086, 21.869759], [102.6277017, 21.8693882], [102.6289756, 21.8683761], [102.6278208, 21.8667962], [102.6285334, 21.8651721], [102.6307354, 21.8633207], [102.6329859, 21.8619851], [102.6362817, 21.8607889], [102.6386172, 21.8600763], [102.6406808, 21.8596795], [102.6427147, 21.8599395], [102.6443604, 21.8594656], [102.6453698, 21.8583076], [102.6459708, 21.8565041], [102.6455627, 21.8535137], [102.6440965, 21.8511655], [102.6426176, 21.8495988], [102.6423029, 21.8478889], [102.6427544, 21.8459057], [102.642971, 21.8443098], [102.6436048, 21.8428267], [102.6437124, 21.8409096], [102.6450319, 21.8382458], [102.6463138, 21.8367363], [102.6473657, 21.8352947], [102.6472506, 21.833019], [102.647712, 21.8315866], [102.648996, 21.829935], [102.6501713, 21.8279265], [102.6506175, 21.826263], [102.6507391, 21.8246481], [102.6504219, 21.8230802], [102.6501443, 21.8202516], [102.6501382, 21.8182974], [102.650101, 21.8159163], [102.6496291, 21.8144883], [102.6484077, 21.8123391], [102.6478509, 21.810288], [102.6479157, 21.8086546], [102.6492602, 21.806773], [102.6513836, 21.8049911], [102.653469, 21.8032087], [102.6548989, 21.8019144], [102.6562482, 21.8009031], [102.6582423, 21.8000432], [102.6592752, 21.7985833], [102.6596444, 21.7969541], [102.6607027, 21.795086], [102.6615475, 21.7934813], [102.6620094, 21.790823], [102.661732, 21.7891491], [102.661458, 21.7872621], [102.6603812, 21.785577], [102.6590809, 21.7847591], [102.6591831, 21.7831616], [102.658995, 21.7806717], [102.6580295, 21.7791658], [102.6572456, 21.7770406], [102.6566297, 21.7751133], [102.6557086, 21.7732171], [102.6543598, 21.7718832], [102.6528393, 21.7705648], [102.6513857, 21.768661], [102.6505374, 21.766979], [102.6498519, 21.7646598], [102.6489562, 21.7623908], [102.6483526, 21.7597175], [102.6483787, 21.7581189], [102.6488958, 21.7555858], [102.6487373, 21.7536294], [102.6483424, 21.752167], [102.648804, 21.750699], [102.6486612, 21.747415], [102.6485827, 21.7453838], [102.6486543, 21.7427039], [102.6476599, 21.7412234], [102.6476681, 21.7390097], [102.6479924, 21.7362274], [102.6473325, 21.7347723], [102.6455333, 21.7338871], [102.6456792, 21.7317796], [102.6480236, 21.7291691], [102.649573, 21.7282534], [102.6510472, 21.7268158], [102.6508695, 21.7248728], [102.6513699, 21.7232649], [102.6528544, 21.7220488], [102.6524085, 21.7202973], [102.6538755, 21.7193023], [102.6560983, 21.7181357], [102.6568613, 21.7166748], [102.6575281, 21.7151215], [102.6579142, 21.7136684], [102.6578988, 21.7120402], [102.6594026, 21.7104725], [102.6596791, 21.7089137], [102.6600519, 21.7074212], [102.6601747, 21.7050007], [102.6602179, 21.703191], [102.6611587, 21.701928], [102.6607129, 21.7001765], [102.6615608, 21.6986387], [102.6624559, 21.69675], [102.6638369, 21.6950112], [102.6643476, 21.6927524], [102.6641172, 21.6906002], [102.6646777, 21.6887067], [102.6658941, 21.6876559], [102.6670176, 21.6863043], [102.6658737, 21.6845951], [102.6641041, 21.6836325], [102.6624521, 21.6823069], [102.6625027, 21.6800285], [102.6649268, 21.6784478], [102.6671923, 21.6771904], [102.6680889, 21.6751974], [102.6681208, 21.6732183], [102.6686057, 21.6716753], [102.6697437, 21.6702848], [102.6707126, 21.668996], [102.6719875, 21.6668911], [102.6731642, 21.6648238], [102.673661, 21.6625256], [102.6742011, 21.6601629], [102.6755577, 21.6581632], [102.6757513, 21.656525], [102.6743407, 21.6558019], [102.6762762, 21.6542272], [102.6778433, 21.6538844], [102.6804248, 21.6546239], [102.6828184, 21.6549176], [102.6846685, 21.655191], [102.6854766, 21.6569734], [102.6872144, 21.6581697], [102.6886571, 21.6586327], [102.6872457, 21.6605796], [102.6878929, 21.661969], [102.6903806, 21.6633582], [102.6929163, 21.6643703], [102.6946267, 21.663795], [102.6963802, 21.6622564], [102.6976756, 21.661467], [102.7007052, 21.6621081], [102.7023869, 21.662457], [102.7039567, 21.6619578], [102.705483, 21.6624217], [102.706828, 21.6637948], [102.709133, 21.6643996], [102.7110522, 21.66384], [102.71243, 21.6631297], [102.7143646, 21.6624791], [102.7169035, 21.6624099], [102.7196694, 21.6629819], [102.7214166, 21.663605], [102.7229981, 21.6641216], [102.7248522, 21.6641601], [102.7274535, 21.6636747], [102.7303246, 21.6637661], [102.7321018, 21.6633606], [102.7323517, 21.6616449], [102.7333746, 21.6604346], [102.7355588, 21.6598654], [102.7371975, 21.6594058], [102.7393703, 21.6595656], [102.7411074, 21.6608396], [102.7430947, 21.662169], [102.7451623, 21.663708], [102.747163, 21.6650765], [102.7485145, 21.6642614], [102.750225, 21.6654568], [102.7515476, 21.668288], [102.7524412, 21.6709178], [102.7535833, 21.6728088], [102.7549719, 21.6740909], [102.756386, 21.674631], [102.7587263, 21.6747929], [102.7613456, 21.6749585], [102.7629659, 21.6756967], [102.7637791, 21.6772185], [102.7643888, 21.6792845], [102.7663353, 21.6805741], [102.7677762, 21.6811925], [102.7680759, 21.6834628], [102.7686618, 21.6861666], [102.769394, 21.6875311], [102.7699963, 21.6891672], [102.7723744, 21.6905277], [102.7740038, 21.6915914], [102.7747111, 21.6936718], [102.7778546, 21.6960584], [102.7790912, 21.6972731], [102.7802248, 21.6988381], [102.7800016, 21.7006585], [102.7823586, 21.7025005], [102.7843063, 21.7028391], [102.7856405, 21.7049668], [102.786998, 21.7065088], [102.7884129, 21.7070226], [102.7915954, 21.7068827], [102.7939715, 21.7065758], [102.7957184, 21.7063516], [102.7973039, 21.7066593], [102.7996423, 21.7088263], [102.8011962, 21.7112173], [102.8017931, 21.713244], [102.8034032, 21.7156097], [102.8043732, 21.7169641], [102.8066872, 21.717073], [102.8083314, 21.7171989], [102.809451, 21.7188027], [102.8113086, 21.7195827], [102.8104747, 21.7221375], [102.8097223, 21.7239249], [102.8094308, 21.7256532], [102.811562, 21.7268016], [102.813532, 21.7275308], [102.8139339, 21.7295549], [102.8143299, 21.7310449], [102.8154842, 21.7322063], [102.817551, 21.7320773], [102.8192937, 21.7312407], [102.8208795, 21.731548], [102.8233971, 21.7339125], [102.8255574, 21.7349829], [102.8263757, 21.7362441], [102.8252424, 21.7383001], [102.8241375, 21.7412551], [102.8237599, 21.7431646], [102.8236527, 21.7447262], [102.8241994, 21.7464136], [102.8239492, 21.7482076], [102.8237774, 21.7500259], [102.8244791, 21.7515953], [102.8234749, 21.7533484], [102.8223545, 21.7544523], [102.8211851, 21.7567037], [102.8206139, 21.7600668], [102.8204207, 21.7624193], [102.8203739, 21.7665547], [102.8203174, 21.7702925], [102.8201735, 21.7725132], [102.8204031, 21.7750627], [102.8208818, 21.7767764], [102.8203858, 21.7783006], [102.8191353, 21.7796382], [102.8177568, 21.7810919], [102.8165365, 21.7835633], [102.8162273, 21.7852372], [102.8158139, 21.7875278], [102.8156775, 21.7892482], [102.8151812, 21.7907723], [102.8182169, 21.7934178], [102.8196095, 21.7952024], [102.8201483, 21.797123], [102.8201242, 21.7987123], [102.8193813, 21.8008956], [102.8182882, 21.8043254], [102.818328, 21.8069017], [102.8163431, 21.810879], [102.8160484, 21.8126266], [102.8147972, 21.8139936], [102.8132349, 21.8150622], [102.8121333, 21.816961], [102.8111808, 21.8183762], [102.8108706, 21.8201088], [102.8109335, 21.8221998], [102.8104741, 21.8243868], [102.8127328, 21.8273311], [102.8135636, 21.8287256], [102.8146916, 21.8302861], [102.8161002, 21.8310407], [102.8174335, 21.8325891], [102.8182279, 21.834307], [102.8181567, 21.835881], [102.8169607, 21.8377492], [102.8171499, 21.8398417], [102.8187891, 21.8409969], [102.8203862, 21.8418127], [102.8224911, 21.8424293], [102.8254112, 21.8434099], [102.8282625, 21.843727], [102.8299366, 21.8436314], [102.8315261, 21.8449476], [102.8335299, 21.8460043], [102.8359534, 21.8464481], [102.8380038, 21.8454595], [102.8395947, 21.8445972], [102.8409671, 21.845675], [102.842883, 21.8462888], [102.8447534, 21.8457245], [102.8467838, 21.8439701], [102.848811, 21.8434666], [102.8504206, 21.8434582], [102.8515426, 21.8422953], [102.8521066, 21.8404481], [102.8523111, 21.8383753], [102.8524779, 21.8356692], [102.8531474, 21.8320423], [102.8537404, 21.830372], [102.8534822, 21.8275867], [102.8535712, 21.825851], [102.8540975, 21.8244154], [102.8562111, 21.8233979], [102.8571754, 21.8222035], [102.857682, 21.8199726], [102.8577918, 21.8178987], [102.8560873, 21.8136964], [102.855258, 21.8121843], [102.8548267, 21.8104271], [102.8556394, 21.8088185], [102.8566713, 21.8073305], [102.8565212, 21.8057536], [102.8564222, 21.8039271], [102.8566022, 21.8024281], [102.8578034, 21.801222], [102.8582979, 21.799786], [102.8594194, 21.798623], [102.859507, 21.7969756], [102.8588043, 21.7954357], [102.8580255, 21.7937034], [102.8576689, 21.7922269], [102.8571862, 21.7907486], [102.8555644, 21.7894913], [102.8545948, 21.7878743], [102.8550959, 21.7859968], [102.856169, 21.7849067], [102.8579185, 21.7839285], [102.8591954, 21.7829147], [102.8590625, 21.781235], [102.8579241, 21.7793068], [102.8573972, 21.7776072], [102.8580809, 21.7761736], [102.8583026, 21.773998], [102.8568346, 21.7719624], [102.856135, 21.7702164], [102.8552135, 21.768556], [102.8566159, 21.7675733], [102.8591311, 21.7670613], [102.8610017, 21.7664084], [102.8616236, 21.7648856], [102.8611733, 21.763349], [102.860503, 21.7617506], [102.859978, 21.7599334], [102.8599391, 21.7583138], [102.8607294, 21.7560572], [102.8605517, 21.754215], [102.8593809, 21.7523453], [102.8574473, 21.7508777], [102.8563489, 21.7492428], [102.8560012, 21.7475994], [102.8551517, 21.7461737], [102.8551251, 21.7441824], [102.8545288, 21.7417805], [102.8545019, 21.7398139], [102.8552384, 21.7384471], [102.8562667, 21.7372806], [102.8575329, 21.735226], [102.8582247, 21.733072], [102.8586256, 21.7306652], [102.8585219, 21.7291302], [102.8573344, 21.7277777], [102.856483, 21.7264822], [102.8562968, 21.7248412], [102.8562183, 21.7225593], [102.8569554, 21.72114], [102.8586507, 21.720428], [102.8605571, 21.7187484], [102.8619345, 21.7167476], [102.8640094, 21.7160009], [102.8654264, 21.7151278], [102.8673393, 21.7148903], [102.8693269, 21.7133954], [102.8703718, 21.7120324], [102.8707911, 21.710255], [102.8719969, 21.7084615], [102.8738509, 21.7074498], [102.8757403, 21.7068972], [102.8772684, 21.7060778], [102.8779116, 21.7043558], [102.877502, 21.7026071], [102.8790682, 21.7030204], [102.8812302, 21.7049357], [102.8820448, 21.7068338], [102.8821879, 21.7085659], [102.8856897, 21.7120057], [102.8872241, 21.7126807], [102.8891344, 21.7126265], [102.8915326, 21.7128012], [102.8931841, 21.713163], [102.8947501, 21.7136024], [102.8967104, 21.7139681], [102.8996429, 21.7160372], [102.9008299, 21.7174417], [102.9022312, 21.7186], [102.9046788, 21.7182901], [102.9063497, 21.7173149], [102.9085069, 21.7176568], [102.9106783, 21.7189689], [102.9134684, 21.7211932], [102.914914, 21.7222077], [102.9164449, 21.7212045], [102.9184019, 21.7218059], [102.9208545, 21.7240782], [102.9225541, 21.7250173], [102.9240957, 21.7252201], [102.9282195, 21.7245508], [102.9301291, 21.7245485], [102.9324572, 21.7247347], [102.93469, 21.7247234], [102.93632, 21.7246388], [102.9392225, 21.7259071], [102.9410843, 21.7263105], [102.9430502, 21.7263087], [102.9455412, 21.7268902], [102.9476893, 21.7279131], [102.9494338, 21.7286558], [102.9515423, 21.7284983], [102.953284, 21.7284673], [102.9553967, 21.7290048], [102.9561544, 21.731033], [102.9560471, 21.7326571], [102.9588116, 21.7347755], [102.9601698, 21.7360507], [102.9614138, 21.7374557], [102.9625036, 21.7388455], [102.9630673, 21.7406877], [102.9640357, 21.7427315], [102.9661244, 21.7439894], [102.9672902, 21.7449738], [102.9687635, 21.7460668], [102.9708525, 21.7463154], [102.9726578, 21.7457606], [102.9741014, 21.7449656], [102.9738256, 21.7426026], [102.9730225, 21.7407968], [102.9727127, 21.7388529], [102.9728762, 21.7364923], [102.9743045, 21.7357342], [102.9767111, 21.7351133], [102.9776066, 21.7333414], [102.9786785, 21.7320043], [102.9799119, 21.7301577], [102.9814108, 21.7294158], [102.9830212, 21.7287275], [102.9843282, 21.7266328], [102.9852273, 21.724598], [102.9850246, 21.7230232], [102.988398, 21.7208107], [102.9883415, 21.7188185], [102.9887813, 21.7164814], [102.9883297, 21.714614], [102.9886232, 21.7126901], [102.9893753, 21.7111258], [102.9885996, 21.7093463], [102.9887648, 21.7075651], [102.9886109, 21.7055046], [102.9873723, 21.7036802], [102.9851132, 21.7025513], [102.9833514, 21.7020054], [102.9816404, 21.7008437], [102.9800108, 21.6988833], [102.9784658, 21.6968978], [102.9784808, 21.6948131], [102.9792948, 21.6928301], [102.9797584, 21.6908033], [102.9801165, 21.6892867], [102.9819522, 21.6885486], [102.9845644, 21.6885017], [102.9861777, 21.6876034], [102.9872238, 21.686082], [102.9886969, 21.6851558], [102.989862, 21.6841734], [102.9896923, 21.6812212], [102.9887474, 21.6784824], [102.9879985, 21.6768081], [102.9874107, 21.6746506], [102.9870278, 21.672902], [102.9868309, 21.6709066], [102.9859803, 21.6684706], [102.9852448, 21.6668358], [102.9853815, 21.6640708], [102.9861041, 21.6625848], [102.9866597, 21.6609918], [102.9858238, 21.6595263], [102.9848026, 21.6582552], [102.982422, 21.6578328], [102.9807631, 21.6579962], [102.9809142, 21.6563276], [102.9822222, 21.6555794], [102.9833253, 21.6543674], [102.9829245, 21.6527551], [102.9813802, 21.6522357], [102.9799238, 21.6514802], [102.980186, 21.6498627], [102.9809945, 21.6485288], [102.9816979, 21.64664], [102.9811469, 21.6446702], [102.9840784, 21.6448376], [102.9859088, 21.6450705], [102.9865772, 21.6436557], [102.9860332, 21.6421998], [102.9846896, 21.6404311], [102.9850244, 21.6386697], [102.9867159, 21.6377284], [102.9854104, 21.6362633], [102.9839126, 21.636456], [102.9828032, 21.6350986], [102.9840265, 21.6333347], [102.9850583, 21.6321614], [102.9859277, 21.6304855], [102.9869444, 21.6293779], [102.9861444, 21.628077], [102.985005, 21.6268511], [102.9861348, 21.6257185], [102.9873873, 21.6248904], [102.9885578, 21.6238769], [102.9900131, 21.622656], [102.9887264, 21.6208618], [102.987557, 21.6197673], [102.9869567, 21.6183107], [102.987358, 21.6168267], [102.9889723, 21.6163456], [102.9883994, 21.6149421], [102.9867316, 21.6152117], [102.9851671, 21.6141386], [102.9856566, 21.6123923], [102.9858772, 21.6107349], [102.9854393, 21.6087401], [102.9849856, 21.60689], [102.9856399, 21.6054618], [102.9878338, 21.6058837], [102.9885319, 21.6043374], [102.9902922, 21.603489], [102.9913827, 21.6021319], [102.991463, 21.5993792], [102.9914559, 21.5975886], [102.9923584, 21.5956969], [102.9925627, 21.5939655], [102.9922524, 21.5921805], [102.992842, 21.5905507], [102.992407, 21.5884514], [102.9920975, 21.5865941], [102.9911279, 21.5849367], [102.9893334, 21.5842164], [102.9874058, 21.5838078], [102.9855793, 21.5833637], [102.984698, 21.5815702], [102.984294, 21.5797378], [102.9829909, 21.5774043], [102.9811566, 21.5755546], [102.9801037, 21.5740933], [102.9789432, 21.571806], [102.9773356, 21.5708061], [102.9735972, 21.5687103], [102.970039, 21.5673744], [102.9686526, 21.5659089], [102.9678601, 21.5646066], [102.9668428, 21.5623212], [102.9661308, 21.5603737], [102.964677, 21.5586175], [102.9631695, 21.5573065], [102.961468, 21.556216], [102.9600056, 21.5550839], [102.958789, 21.5534199], [102.959141, 21.5504155], [102.960551, 21.5484717], [102.9615276, 21.5468346], [102.9599241, 21.545567], [102.9579615, 21.5444064], [102.9568937, 21.542343], [102.9556297, 21.5406784], [102.9521796, 21.5384966], [102.9490533, 21.5370319], [102.947187, 21.5358278], [102.9453492, 21.5342898], [102.9439863, 21.5328913], [102.9427694, 21.5312717], [102.9426517, 21.5294874], [102.9421332, 21.527364], [102.9398196, 21.5257754], [102.9373465, 21.5253437], [102.9357284, 21.5251454], [102.93387, 21.5250778], [102.932023, 21.5242081], [102.9319586, 21.5220234], [102.9327178, 21.5205842], [102.9329209, 21.5186213], [102.9331148, 21.5164974], [102.9311522, 21.5162933], [102.9292953, 21.5165303], [102.9276315, 21.5161977], [102.9264081, 21.5150682], [102.9243864, 21.513082], [102.9231439, 21.511618], [102.9200186, 21.5101528], [102.9187018, 21.5088885], [102.9193093, 21.5064001], [102.9185468, 21.5047191], [102.916219, 21.5041553], [102.9147454, 21.5038695], [102.91328, 21.5030043], [102.9132591, 21.5011321], [102.9136449, 21.4990483], [102.9140392, 21.4972063], [102.9150143, 21.4955899], [102.9143468, 21.4937581], [102.9138167, 21.4920946], [102.9128771, 21.4906674], [102.9121634, 21.4889325], [102.9115792, 21.4874981], [102.9101268, 21.4867667], [102.9086178, 21.4864371], [102.9079416, 21.4846681], [102.9084254, 21.4829793], [102.9093441, 21.481535], [102.9082263, 21.480253], [102.9073661, 21.4784471], [102.9057999, 21.4781592], [102.9041167, 21.4775781], [102.9030903, 21.4763739], [102.9020627, 21.4775521], [102.9003229, 21.4778756], [102.8985305, 21.4780383], [102.8967794, 21.477831], [102.8951548, 21.477845], [102.8934787, 21.4772764], [102.8920846, 21.4784626], [102.8901642, 21.4787743], [102.8888047, 21.4775534], [102.8872721, 21.4769181], [102.8858747, 21.4762435], [102.887178, 21.47537], [102.8886347, 21.4737718], [102.8896996, 21.4725815], [102.889947, 21.4709889], [102.8910713, 21.4698273], [102.8893516, 21.4676499], [102.888293, 21.4659475], [102.8875136, 21.4643233], [102.8855514, 21.4634025], [102.8845537, 21.4620182], [102.8858332, 21.4603069], [102.8862909, 21.4587475], [102.8851756, 21.4572948], [102.8855781, 21.4548083], [102.8863315, 21.4534181], [102.8861232, 21.4517777], [102.8855012, 21.4497681], [102.8844305, 21.4482569], [102.8828723, 21.4473413], [102.8813529, 21.4473781], [102.8798407, 21.4474289], [102.8779061, 21.4461586], [102.8772018, 21.443644], [102.8773802, 21.4416586], [102.8782294, 21.4403677], [102.8782219, 21.4382958], [102.8772054, 21.4371912], [102.8764729, 21.4355862], [102.8751682, 21.4347578], [102.8741682, 21.4335412], [102.8724496, 21.4328755], [102.8710887, 21.4317945], [102.8706715, 21.4301234], [102.8694905, 21.4290165], [102.8694454, 21.4274902], [102.870043, 21.4260001], [102.8717102, 21.4245375], [102.8738847, 21.4241872], [102.8757889, 21.4244354], [102.8774476, 21.4245824], [102.8798341, 21.4245846], [102.8814873, 21.4251234], [102.882864, 21.4261487], [102.8846512, 21.4262133], [102.8861836, 21.4268206], [102.8876592, 21.4275611], [102.8891809, 21.4280482], [102.8906291, 21.4288354], [102.8910096, 21.4304369], [102.8919617, 21.4318626], [102.8928451, 21.4330773], [102.8943511, 21.4335795], [102.8960141, 21.4341472], [102.8979874, 21.4347989], [102.8994515, 21.4356457], [102.9006786, 21.4343792], [102.9006265, 21.4328151], [102.9017622, 21.4314977], [102.9029607, 21.43027], [102.904354, 21.4309088], [102.9049123, 21.4331596], [102.9054958, 21.4347716], [102.9071172, 21.4349144], [102.9086651, 21.4351587], [102.9100187, 21.4358125], [102.9111296, 21.4371421], [102.9130702, 21.4374743], [102.9131585, 21.4391551], [102.9133869, 21.4408461], [102.91464, 21.4420495], [102.914659, 21.4436112], [102.9140376, 21.4453069], [102.9153379, 21.4463773], [102.9162372, 21.4487233], [102.9177859, 21.4492343], [102.9193689, 21.4495302], [102.9204473, 21.4506786], [102.919775, 21.4521243], [102.921507, 21.4527136], [102.9223195, 21.4543072], [102.9235723, 21.4559063], [102.9250244, 21.4567809], [102.9272012, 21.4571243], [102.9289613, 21.4571343], [102.9307169, 21.4572644], [102.9322109, 21.4575948], [102.9336401, 21.4580569], [102.9353239, 21.4584252], [102.9373475, 21.458737], [102.9388863, 21.4587164], [102.9405858, 21.4580168], [102.9418176, 21.457103], [102.9419018, 21.4551194], [102.9399427, 21.4523717], [102.9385375, 21.451172], [102.9375388, 21.4499561], [102.9362627, 21.4490833], [102.9349345, 21.4481506], [102.9345286, 21.4465198], [102.9343267, 21.4448283], [102.9328204, 21.4451231], [102.9316883, 21.4462524], [102.9307684, 21.4442566], [102.92976, 21.442935], [102.929601, 21.4414129], [102.9284121, 21.4400891], [102.9283719, 21.4381462], [102.9272395, 21.436802], [102.9262341, 21.4352906], [102.9255541, 21.4331074], [102.9240635, 21.4315688], [102.9234764, 21.4299992], [102.9238049, 21.4283142], [102.9224963, 21.4266933], [102.922196, 21.4247894], [102.922018, 21.4230137], [102.9216891, 21.4215316], [102.9208306, 21.4200009], [102.9190188, 21.4188594], [102.9185575, 21.4171857], [102.9181823, 21.4149853], [102.9181763, 21.4130217], [102.9182002, 21.4113329], [102.9185602, 21.4098173], [102.9200302, 21.4088009], [102.9192211, 21.4069751], [102.917534, 21.4065952], [102.9160465, 21.4056689], [102.9151021, 21.4038414], [102.9141276, 21.4025414], [102.912663, 21.4016153], [102.9113004, 21.4006271], [102.9098509, 21.3994056], [102.9091641, 21.3977291], [102.9091448, 21.395913], [102.9087402, 21.3943732], [102.9078883, 21.3929243], [102.9063949, 21.3927501], [102.9044956, 21.3920336], [102.9025647, 21.3905738], [102.9018629, 21.3891504], [102.9006423, 21.3877205], [102.8991103, 21.3867723], [102.8971457, 21.3867191], [102.8961038, 21.3855946], [102.8962607, 21.3840975], [102.8968413, 21.3821412], [102.8967989, 21.3803672], [102.897309, 21.3786213], [102.8985774, 21.3766947], [102.8986164, 21.3747528], [102.8968859, 21.3719231], [102.8950886, 21.3698103], [102.8941883, 21.3680889], [102.8957686, 21.3680031], [102.897549, 21.3673498], [102.8989432, 21.3660794], [102.8983552, 21.3638129], [102.8965256, 21.3623965], [102.8946437, 21.3614862], [102.893645, 21.3603336], [102.8939953, 21.3587123], [102.8961497, 21.3579159], [102.89679, 21.3565093], [102.8956153, 21.3550589], [102.894146, 21.3536892], [102.8938381, 21.3507718], [102.8937662, 21.3487018], [102.8929817, 21.3467706], [102.8922138, 21.3452619], [102.8928614, 21.3433488], [102.8932221, 21.3417909], [102.8920598, 21.3402562], [102.8907255, 21.3389304], [102.8906819, 21.3372408], [102.8908089, 21.3354689], [102.889863, 21.3337892], [102.8894463, 21.3321793], [102.8910609, 21.3312496], [102.8922029, 21.3302504], [102.8924656, 21.328438], [102.8940023, 21.3266415], [102.8951697, 21.3246503], [102.8961448, 21.322699], [102.8974327, 21.3209416], [102.8986223, 21.3189634], [102.8997473, 21.3175629], [102.8987154, 21.3155865], [102.8981759, 21.3138907], [102.8989275, 21.31257], [102.8984675, 21.310833], [102.8980706, 21.3086111], [102.8975875, 21.3068949], [102.8973402, 21.305266], [102.8965929, 21.3039055], [102.8946347, 21.3036488], [102.8929977, 21.3037971], [102.890999, 21.3032231], [102.8890273, 21.3023328], [102.8874557, 21.3010674], [102.8855063, 21.3001984], [102.8839321, 21.299904], [102.8825631, 21.301027], [102.8806066, 21.3014457], [102.8790875, 21.3020177], [102.8774342, 21.3025247], [102.8757821, 21.3021449], [102.8739485, 21.3010872], [102.8720131, 21.3008094], [102.8696331, 21.3008848], [102.8677352, 21.3011563], [102.8660948, 21.3007555], [102.8633301, 21.3009315], [102.8615119, 21.3003595], [102.859347, 21.2988118], [102.8576187, 21.298262], [102.855757, 21.298365], [102.8537104, 21.2995423], [102.8522198, 21.2997133], [102.8513364, 21.2984352], [102.85093, 21.2961499], [102.8507738, 21.2944799], [102.8499434, 21.2918936], [102.8490628, 21.2904255], [102.8472902, 21.2898329], [102.845317, 21.290631], [102.8445366, 21.2923522], [102.8427087, 21.2924555], [102.8410151, 21.2910826], [102.8400386, 21.2892544], [102.8393644, 21.2875566], [102.8393855, 21.2853401], [102.8392089, 21.2835433], [102.8373456, 21.2829915], [102.8351053, 21.2835539], [102.8337914, 21.2824391], [102.8334446, 21.2807246], [102.833204, 21.2786735], [102.8318169, 21.2779378], [102.8301391, 21.2785917], [102.8287749, 21.2778352], [102.8272029, 21.2774139], [102.8253629, 21.27606], [102.8239021, 21.275355], [102.8225724, 21.2745672], [102.8204384, 21.2728928], [102.8184708, 21.2721705], [102.8167925, 21.2720856], [102.8152939, 21.2716649], [102.816377, 21.2700639], [102.8163963, 21.2683751], [102.8152385, 21.2670194], [102.8128889, 21.2669784], [102.8108677, 21.2672266], [102.8094854, 21.2665647], [102.8079863, 21.2646557], [102.8079764, 21.2630405], [102.8101838, 21.2608734], [102.8114078, 21.2596648], [102.8132604, 21.2590028], [102.814765, 21.2578611], [102.8154397, 21.2560542], [102.8144265, 21.2548375], [102.812547, 21.2538842], [102.8113304, 21.2526967], [102.8119213, 21.2512265], [102.8140541, 21.2510431], [102.8157226, 21.2513899], [102.8171687, 21.2519255], [102.8192637, 21.2531344], [102.8208004, 21.2528589], [102.8204961, 21.2513322], [102.8204526, 21.2496864], [102.8212624, 21.2482625], [102.8218324, 21.2465053], [102.8233996, 21.2467907], [102.8248833, 21.2457489], [102.8261852, 21.2465614], [102.8277413, 21.245858], [102.8291169, 21.2469127], [102.83055, 21.247558], [102.8320379, 21.2471107], [102.8337135, 21.2470358], [102.8353595, 21.2472258], [102.8368335, 21.2468346], [102.838254, 21.2474681], [102.840266, 21.2473009], [102.8418889, 21.2472975], [102.8431896, 21.2482069], [102.8447442, 21.2493608], [102.8452761, 21.2508756], [102.8468936, 21.2512581], [102.8479074, 21.2524052], [102.8497688, 21.2537318], [102.8514565, 21.2537171], [102.8533411, 21.2534517], [102.854818, 21.2528673], [102.8553881, 21.2544188], [102.8570447, 21.2547655], [102.8579514, 21.2562006], [102.8593863, 21.2567497], [102.8610666, 21.2563608], [102.8622902, 21.2554837], [102.8628105, 21.2569138], [102.864391, 21.2571871], [102.8648508, 21.2556729], [102.8664506, 21.2555002], [102.867836, 21.2541182], [102.8695711, 21.2534887], [102.870909, 21.2527215], [102.8725979, 21.253515], [102.8738997, 21.2525662], [102.8755033, 21.252128], [102.8770829, 21.2515688], [102.8786714, 21.2512872], [102.8799734, 21.2503143], [102.881624, 21.2501902], [102.8829755, 21.2493627], [102.8844639, 21.2488627], [102.8860761, 21.2478213], [102.8878166, 21.2468056], [102.889393, 21.2464635], [102.8910423, 21.2464358], [102.8926639, 21.2456236], [102.8941513, 21.244291], [102.8953316, 21.2428098], [102.8964429, 21.2416534], [102.8978827, 21.2400306], [102.8983947, 21.2384445], [102.8991803, 21.2366326], [102.9002881, 21.2348127], [102.9013366, 21.2335227], [102.9027566, 21.2323942], [102.9045728, 21.2314758], [102.9067529, 21.2314408], [102.9085626, 21.2308185], [102.9100459, 21.230067], [102.9116225, 21.2298325], [102.9124834, 21.2282864], [102.9117673, 21.2268215], [102.9102314, 21.226583], [102.9087579, 21.2253623], [102.9078673, 21.2239161], [102.9077323, 21.2217422], [102.9076452, 21.2191034], [102.909461, 21.2166046], [102.91003, 21.2144394], [102.9098422, 21.2118415], [102.9094548, 21.2077895], [102.9094849, 21.206093], [102.9103869, 21.2047207], [102.910623, 21.2031472], [102.909425, 21.2021779], [102.908435, 21.2010277], [102.9079695, 21.1988134], [102.9084256, 21.1973588], [102.9079435, 21.1957478], [102.9066719, 21.1948147], [102.9061105, 21.1934033], [102.9048393, 21.1924417], [102.9037521, 21.1903645], [102.9043256, 21.1887379], [102.9050517, 21.1871418], [102.9060839, 21.1855208], [102.9076462, 21.1831898], [102.9088064, 21.1811691], [102.9089206, 21.1795654], [102.907751, 21.1779172], [102.9077929, 21.1760259], [102.9063252, 21.175458], [102.9043139, 21.1754669], [102.9034614, 21.17302], [102.9033481, 21.1712989], [102.9042619, 21.1693897], [102.9031021, 21.1670536], [102.9032929, 21.165451], [102.9048271, 21.1650974], [102.9066368, 21.1647184], [102.9076041, 21.1630474], [102.9099583, 21.1623233], [102.9115241, 21.161884], [102.9137978, 21.1611382], [102.9160332, 21.1609364], [102.9177905, 21.1610154], [102.9188176, 21.1597382], [102.9198477, 21.1582604], [102.9213137, 21.1568599], [102.9230388, 21.1568539], [102.9241067, 21.1587713], [102.9242957, 21.1605794], [102.9270245, 21.1622753], [102.9285844, 21.1622658], [102.9303086, 21.1603378], [102.9316664, 21.1594658], [102.9339923, 21.159351], [102.9361933, 21.1594352], [102.9375517, 21.1585058], [102.9375941, 21.156759], [102.9371897, 21.1548325], [102.9386205, 21.1531016], [102.9394451, 21.1509777], [102.9405904, 21.1496499], [102.9419721, 21.1488674], [102.9426701, 21.146849], [102.9440358, 21.1450099], [102.9453591, 21.1434666], [102.946536, 21.1423917], [102.94798, 21.1412778], [102.9490611, 21.1400742], [102.9491157, 21.1382638], [102.9468111, 21.1368609], [102.945148, 21.1354945], [102.9443935, 21.1336797], [102.9427556, 21.1327428], [102.941239, 21.1318647], [102.94028, 21.1304775], [102.9397153, 21.1283087], [102.9403362, 21.126178], [102.9429909, 21.1235968], [102.945498, 21.1235481], [102.9472197, 21.1232787], [102.9486857, 21.1216886], [102.950309, 21.1211319], [102.951739, 21.1204187], [102.953733, 21.1195666], [102.9548861, 21.1174724], [102.9558534, 21.1159862], [102.9572817, 21.1153932], [102.9589444, 21.1149694], [102.9603159, 21.1142092], [102.9608705, 21.112607], [102.9611329, 21.110724], [102.962075, 21.1089046], [102.9628123, 21.1069163], [102.9635488, 21.1049834], [102.9658499, 21.1011277], [102.9673298, 21.0983863], [102.9675321, 21.096558], [102.9677338, 21.0940968], [102.9676121, 21.0918038], [102.9669608, 21.0902777], [102.9659669, 21.0875792], [102.9634726, 21.0854157], [102.9613889, 21.0834899], [102.9606795, 21.0813224], [102.9615105, 21.0799857], [102.9620147, 21.0777287], [102.9636711, 21.0772329], [102.966381, 21.0756326], [102.9670587, 21.0729767], [102.9675694, 21.0713558], [102.9695322, 21.0696605], [102.9708571, 21.068817], [102.9729278, 21.067037], [102.9740894, 21.0658477], [102.975918, 21.066156], [102.9772478, 21.0672032], [102.9789279, 21.0671946], [102.979804, 21.0656581], [102.9815414, 21.0659365], [102.9833147, 21.0646686], [102.9853169, 21.0634319], [102.9869722, 21.0629932], [102.9889284, 21.0629018], [102.9905665, 21.0625201], [102.992166, 21.0616796], [102.9939019, 21.062044], [102.9952323, 21.0630623], [102.9966179, 21.0622193], [102.9982131, 21.0616939], [102.9996355, 21.0603928], [103.0018842, 21.0587137], [103.004229, 21.0597633], [103.0060485, 21.061517], [103.0072716, 21.0635239], [103.0088976, 21.0634257], [103.0106565, 21.0627431], [103.0123428, 21.0628215], [103.0130723, 21.0643537], [103.0146937, 21.0646071], [103.0165939, 21.0626954], [103.0225693, 21.0597763], [103.0239524, 21.0591479], [103.0247277, 21.057223], [103.0260212, 21.0586445], [103.0282173, 21.0579668], [103.0296474, 21.0585108], [103.0317085, 21.0585932], [103.0336439, 21.058733], [103.0341638, 21.0572152], [103.0350593, 21.0556433], [103.0342847, 21.0527628], [103.033555, 21.0512307], [103.0352611, 21.0497853], [103.0370166, 21.0493368], [103.038604, 21.0474212], [103.0396852, 21.0459686], [103.0395825, 21.0442679], [103.0404146, 21.0427538], [103.0386907, 21.0408], [103.0383381, 21.0390964], [103.0387984, 21.0373436], [103.0409378, 21.0361962], [103.0429416, 21.0358677], [103.0443251, 21.0351804], [103.044409, 21.0335405], [103.0460014, 21.0312146], [103.0472082, 21.0297048], [103.0473583, 21.0277726], [103.0486237, 21.0265564], [103.0501176, 21.0269837], [103.0506996, 21.0254667], [103.0507195, 21.0239432], [103.0521242, 21.0216151], [103.053583, 21.0199323], [103.0541642, 21.018474], [103.0541908, 21.016423], [103.0556541, 21.0143887], [103.0570991, 21.0137606], [103.0578851, 21.0109565], [103.0576557, 21.0093715], [103.0577629, 21.0059152], [103.0585519, 21.0028767], [103.0603754, 20.9990438], [103.0626904, 20.9968172], [103.064905, 20.995544], [103.0664032, 20.9952725], [103.0678324, 20.9935369], [103.0692746, 20.9925021], [103.0697813, 20.9906941], [103.0688755, 20.9893442], [103.0690756, 20.9874527], [103.0700927, 20.9852784], [103.0705587, 20.9832215], [103.0706738, 20.9810986], [103.0725025, 20.9807687], [103.0741766, 20.9804784], [103.0755491, 20.9797102], [103.0770323, 20.9771698], [103.0778238, 20.9754258], [103.078376, 20.9734936], [103.0793661, 20.9716899], [103.0810006, 20.9710485], [103.0827396, 20.9708413], [103.0841769, 20.9701562], [103.0844662, 20.9681591], [103.0842324, 20.9658055], [103.0844568, 20.9637046], [103.0850905, 20.9622681], [103.0851984, 20.960702], [103.0844724, 20.959044], [103.0844933, 20.9573946], [103.0854382, 20.9556728], [103.0852257, 20.9533607], [103.0849019, 20.9511514], [103.0851276, 20.948972], [103.084135, 20.9475169], [103.0841579, 20.9457227], [103.083364, 20.9442081], [103.0847495, 20.9424085], [103.0862279, 20.9402182], [103.088034, 20.9381757], [103.0900051, 20.9369808], [103.0924056, 20.9348626], [103.0953124, 20.9344], [103.0976247, 20.9340339], [103.099499, 20.9352717], [103.1022248, 20.9352196], [103.1039267, 20.9344548], [103.1037947, 20.9327206], [103.1050991, 20.930363], [103.1065811, 20.9278424], [103.10671, 20.9263174], [103.1064008, 20.9247051], [103.1047009, 20.9235725], [103.1045692, 20.9218178], [103.1051038, 20.9194929], [103.106349, 20.9183309], [103.1083965, 20.9180237], [103.1100306, 20.9173817], [103.1108383, 20.9160706], [103.1120159, 20.9132783], [103.1118181, 20.9115229], [103.1103101, 20.9108668], [103.1102324, 20.9083082], [103.1109115, 20.9067275], [103.1105412, 20.904702], [103.1095997, 20.9026702], [103.1094223, 20.9010592], [103.1110693, 20.8993861], [103.1134038, 20.8971843], [103.1153259, 20.8963391], [103.1170499, 20.8955125], [103.1185777, 20.8963337], [103.1199446, 20.899484], [103.1216417, 20.9025967], [103.1244273, 20.9065259], [103.1260936, 20.9085862], [103.1279741, 20.9093287], [103.1295369, 20.9091189], [103.1310017, 20.9079386], [103.132638, 20.9071109], [103.1341266, 20.9075602], [103.1356546, 20.9083814], [103.1369658, 20.9071993], [103.138607, 20.9077329], [103.1404186, 20.9069482], [103.1418785, 20.9061596], [103.1434463, 20.9055372], [103.1449374, 20.9057804], [103.1464294, 20.9059615], [103.1476322, 20.9046338], [103.1498829, 20.9038745], [103.1515871, 20.9046561], [103.1531413, 20.9051474], [103.1548491, 20.9056402], [103.1567128, 20.9059697], [103.1586659, 20.9061764], [103.1608984, 20.9069023], [103.1622006, 20.9082567], [103.1640724, 20.9097613], [103.1653304, 20.9111357], [103.1653124, 20.9144185], [103.1650522, 20.9159423], [103.1666504, 20.9164547], [103.1673268, 20.9150589], [103.1682439, 20.9137484], [103.1699057, 20.9144471], [103.1716243, 20.9140941], [103.1729321, 20.9131797], [103.1735428, 20.9117627], [103.1741773, 20.9101808], [103.1758285, 20.9099509], [103.1775058, 20.9093705], [103.1790591, 20.9081492], [103.1813645, 20.9083389], [103.1832165, 20.9078429], [103.1835642, 20.906361], [103.1848735, 20.9053021], [103.1861053, 20.9033966], [103.1876117, 20.9024015], [103.1894607, 20.902153], [103.190941, 20.9015084], [103.1926611, 20.9028471], [103.1940821, 20.903481], [103.1956021, 20.9050238], [103.197322, 20.9063831], [103.1983578, 20.9043102], [103.199906, 20.9023212], [103.2014203, 20.9018254], [103.2035986, 20.9027623], [103.2058589, 20.9019816], [103.2078433, 20.9013564], [103.2102408, 20.9011959], [103.212469, 20.9004764], [103.2143703, 20.8995267], [103.2153009, 20.8970193], [103.2163266, 20.8957716], [103.2182983, 20.8958871], [103.2197912, 20.8954741], [103.2216696, 20.8955112], [103.2233565, 20.8960097], [103.2249021, 20.8958684], [103.2264285, 20.896575], [103.2279384, 20.8963108], [103.2300142, 20.8950812], [103.2318609, 20.8952112], [103.2337271, 20.8936779], [103.2354119, 20.8933718], [103.2374097, 20.8940209], [103.2392391, 20.8947884], [103.2407541, 20.8947023], [103.2436003, 20.8934192], [103.2453781, 20.8927073], [103.2472263, 20.8935581], [103.2493627, 20.8949941], [103.2505598, 20.8960699], [103.2521581, 20.8960355], [103.2542744, 20.8963578], [103.2556817, 20.8972538], [103.2573833, 20.8976469], [103.2590383, 20.8977621], [103.2604268, 20.8983785], [103.2616144, 20.8993018], [103.2634331, 20.9000292], [103.2648451, 20.9010738], [103.2662393, 20.9016585], [103.2673203, 20.9029089], [103.2693988, 20.9024608], [103.2715456, 20.9018978], [103.273056, 20.9022318], [103.2742723, 20.901027], [103.2749033, 20.8994516], [103.2762079, 20.8977186], [103.2777234, 20.89734], [103.2795387, 20.8973407], [103.2812315, 20.8971721], [103.2801033, 20.8981968], [103.2800223, 20.8998699], [103.2810638, 20.9012647], [103.2813875, 20.9027327], [103.2829628, 20.9034139], [103.284662, 20.9042659], [103.2860696, 20.9049281], [103.2873664, 20.9058785], [103.2878798, 20.907371], [103.2881533, 20.9089559], [103.2872988, 20.9102138], [103.2857615, 20.9120084], [103.2844768, 20.9128206], [103.2836982, 20.9142233], [103.2823448, 20.9153793], [103.2813458, 20.9168476], [103.2803669, 20.918057], [103.2796541, 20.9195802], [103.2783525, 20.920355], [103.2770407, 20.9211167], [103.2775542, 20.9226862], [103.2781419, 20.9243891], [103.2768524, 20.925246], [103.275435, 20.9261568], [103.2744685, 20.9273084], [103.2748973, 20.9289471], [103.2755903, 20.9302967], [103.2754496, 20.931791], [103.2752689, 20.9334191], [103.274928, 20.9355297], [103.275008, 20.9370671], [103.2751558, 20.9389411], [103.2768908, 20.9398154], [103.2780254, 20.9408186], [103.2792688, 20.9416729], [103.2811157, 20.9426798], [103.2822032, 20.9439014], [103.2834115, 20.9452847], [103.2844978, 20.9463547], [103.2856528, 20.9478047], [103.2873506, 20.9477532], [103.2887584, 20.9469964], [103.2902585, 20.9461373], [103.2915924, 20.9452607], [103.293102, 20.9457237], [103.2946354, 20.9461348], [103.2962687, 20.9465229], [103.297812, 20.9474679], [103.2975742, 20.9489689], [103.2973856, 20.9506108], [103.2974334, 20.9523769], [103.296659, 20.9538814], [103.2960835, 20.955469], [103.2958399, 20.9570668], [103.2955371, 20.9588341], [103.2958804, 20.9605793], [103.2958189, 20.9621765], [103.2969958, 20.9632459], [103.2983643, 20.9639596], [103.2984265, 20.965622], [103.2974154, 20.9669614], [103.2964949, 20.9684579], [103.2972687, 20.970252], [103.2976145, 20.9724242], [103.2978986, 20.974124], [103.2978868, 20.9759208], [103.2971212, 20.9775724], [103.2969918, 20.9791746], [103.2961903, 20.9805092], [103.2959956, 20.9820657], [103.2956615, 20.9836509], [103.2952056, 20.9851795], [103.2942447, 20.9866312], [103.2933637, 20.987976], [103.2925398, 20.9892356], [103.2922325, 20.9910855], [103.2914885, 20.99278], [103.2906294, 20.9941593], [103.2893212, 20.9949394], [103.2881761, 20.9960965], [103.2865372, 20.9960018], [103.2853781, 20.997098], [103.283846, 20.997247], [103.284281, 20.9987483], [103.2861745, 20.9997677], [103.2843761, 21.0003503], [103.2826344, 20.999692], [103.2801201, 20.9993255], [103.2805098, 21.0011744], [103.2795252, 21.0034647], [103.2798787, 21.0049825], [103.2819746, 21.0055277], [103.2840805, 21.0051996], [103.2852849, 21.006653], [103.2860546, 21.0082767], [103.2870291, 21.0095678], [103.2870734, 21.0111114], [103.2852184, 21.0124758], [103.2834464, 21.0133315], [103.284764, 21.0143639], [103.2863115, 21.0142047], [103.2882068, 21.0147334], [103.2897747, 21.0155062], [103.2918962, 21.0165175], [103.291737, 21.0182775], [103.2920601, 21.0197658], [103.2902592, 21.0204465], [103.2901649, 21.0219451], [103.2918638, 21.0234326], [103.2918462, 21.0249757], [103.2901144, 21.0250165], [103.2882882, 21.0252019], [103.2872248, 21.0262685], [103.2886721, 21.0267781], [103.2871229, 21.0278455], [103.2858374, 21.0286614], [103.2851332, 21.0301554], [103.2861691, 21.032284], [103.286756, 21.0341779], [103.2857415, 21.0353281], [103.283472, 21.0363367], [103.2824385, 21.0374313], [103.2815739, 21.0392092], [103.2814128, 21.0413117], [103.2799212, 21.0429224], [103.2781074, 21.0435671], [103.276611, 21.0439203], [103.2765529, 21.0455682], [103.2772632, 21.048679], [103.2777119, 21.0506359], [103.2761691, 21.0516149], [103.2745138, 21.0521231], [103.2744554, 21.0537803], [103.2749274, 21.0554151], [103.2754795, 21.0569311], [103.2767645, 21.0578834], [103.2785078, 21.0582696], [103.2779137, 21.0604001], [103.2760781, 21.0612103], [103.2766296, 21.0627631], [103.27819, 21.0619869], [103.2796543, 21.0610256], [103.2810948, 21.0604139], [103.2817653, 21.0618759], [103.2809058, 21.0631933], [103.2815926, 21.06495], [103.2831505, 21.0657967], [103.2852126, 21.0653176], [103.2870666, 21.0630505], [103.2891377, 21.0617856], [103.2913513, 21.0613793], [103.2929564, 21.0608955], [103.2947817, 21.061128], [103.2963837, 21.0609299], [103.2981493, 21.0597332], [103.3018795, 21.0599134], [103.304003, 21.0607203], [103.3047452, 21.0624422], [103.3044941, 21.0644396], [103.30417, 21.0661508], [103.3043053, 21.0676522], [103.3030014, 21.0684249], [103.3011736, 21.0684066], [103.2988789, 21.0692409], [103.2971271, 21.0692232], [103.2948626, 21.0707362], [103.2948949, 21.0745939], [103.2942659, 21.0763019], [103.2930358, 21.0772895], [103.2878416, 21.078523], [103.2920009, 21.0845293], [103.2868235, 21.0909059], [103.2855825, 21.0928219], [103.2872438, 21.0941244], [103.2892056, 21.0957871], [103.2906391, 21.0970159], [103.2918458, 21.0980996], [103.294593, 21.0976985], [103.2978121, 21.0960166], [103.3002589, 21.0952554], [103.3023165, 21.0952046], [103.3052875, 21.0952343], [103.3072617, 21.0958254], [103.3093226, 21.0954889], [103.3104774, 21.0944289], [103.3112585, 21.0927224], [103.3132489, 21.0918851], [103.3144516, 21.0933256], [103.3150433, 21.0949029], [103.3167873, 21.0956346], [103.3198154, 21.093986], [103.3225722, 21.0927275], [103.3246324, 21.0924621], [103.3315011, 21.0913869], [103.3333335, 21.0910478], [103.3347991, 21.0894193], [103.3393302, 21.0861778], [103.3425067, 21.084816], [103.345803, 21.082991], [103.3476549, 21.080866], [103.3512651, 21.0781868], [103.3571876, 21.0730296], [103.3589465, 21.0724037], [103.3610063, 21.0721379], [103.3631131, 21.0710511], [103.364565, 21.0706365], [103.3665531, 21.0699413], [103.3686245, 21.068604], [103.3709173, 21.0679117], [103.3731308, 21.0675043], [103.3748927, 21.0665926], [103.3769555, 21.0660408], [103.3778867, 21.0644782], [103.3782113, 21.0626241], [103.3810449, 21.0612224], [103.3845609, 21.060113], [103.3859965, 21.0611981], [103.3878991, 21.0613591], [103.3894147, 21.0620878], [103.3908457, 21.0636014], [103.3928322, 21.0630488], [103.3954949, 21.0633597], [103.3978477, 21.0641677], [103.3998965, 21.0649014], [103.4022923, 21.0652454], [103.4046558, 21.0650533], [103.4066454, 21.0642147], [103.408775, 21.0645205], [103.4114332, 21.0652597], [103.413339, 21.0651347], [103.4168397, 21.065453], [103.4184362, 21.0657537], [103.4212499, 21.0662084], [103.4238261, 21.0675182], [103.424259, 21.0698081], [103.4230525, 21.0722614], [103.4218955, 21.0736079], [103.4213367, 21.0760315], [103.4219129, 21.0791799], [103.4214316, 21.0814613], [103.4195829, 21.0833728], [103.4155734, 21.0879072], [103.4141184, 21.088608], [103.4134915, 21.090245], [103.4130025, 21.0932406], [103.4124463, 21.0953784], [103.4128807, 21.0975256], [103.4128632, 21.0991684], [103.4120109, 21.1005176], [103.4090137, 21.1029182], [103.4083113, 21.1044832], [103.4068423, 21.1075835], [103.4061121, 21.1095219], [103.4046056, 21.1106439], [103.4045057, 21.1124228], [103.4051369, 21.11383], [103.405645, 21.1154253], [103.4051837, 21.1170115], [103.4054279, 21.118737], [103.4061771, 21.1204481], [103.4057349, 21.1221292], [103.4066914, 21.1233501], [103.4076066, 21.1246463], [103.4066753, 21.1267394], [103.4061324, 21.1284005], [103.4061922, 21.1303703], [103.4053701, 21.131688], [103.4047248, 21.1334808], [103.4042525, 21.1360895], [103.4039691, 21.1380371], [103.4029426, 21.13958], [103.40135, 21.1411556], [103.4009302, 21.1426285], [103.4002665, 21.1442507], [103.3988578, 21.1453047], [103.3976871, 21.1463803], [103.3973495, 21.1483773], [103.3971204, 21.1500791], [103.3964181, 21.1514967], [103.3976067, 21.152748], [103.3994184, 21.1529846], [103.4015784, 21.1534987], [103.4033273, 21.1541187], [103.4044854, 21.1552816], [103.4055229, 21.1567724], [103.4059729, 21.1584772], [103.4068916, 21.1601315], [103.4079918, 21.1612391], [103.4094378, 21.1628434], [103.4110624, 21.1641752], [103.4126905, 21.165178], [103.4143251, 21.1655772], [103.4158531, 21.1649883], [103.4170748, 21.1629426], [103.4203747, 21.160834], [103.4222584, 21.1598093], [103.424305, 21.1599929], [103.425698, 21.161103], [103.4273285, 21.1618861], [103.4290732, 21.1629446], [103.4306672, 21.1644131], [103.4326345, 21.1665708], [103.4341279, 21.1692726], [103.4348188, 21.1731464], [103.4352587, 21.1758384], [103.4357051, 21.177927], [103.4358581, 21.1800678], [103.4354317, 21.1816548], [103.4353854, 21.1832726], [103.4369897, 21.1865788], [103.4380168, 21.1891117], [103.4374669, 21.1913009], [103.4370386, 21.1930523], [103.4373883, 21.1959904], [103.4374277, 21.197801], [103.4372348, 21.1994449], [103.435418, 21.2024177], [103.4342246, 21.2045461], [103.4330955, 21.2061265], [103.4323781, 21.2075461], [103.432359, 21.2093561], [103.432425, 21.2114139], [103.4323491, 21.2130588], [103.4332661, 21.2149325], [103.43407, 21.216421], [103.4337588, 21.2181735], [103.4343553, 21.2199071], [103.4325815, 21.2215362], [103.4320958, 21.2231774], [103.4326656, 21.2246639], [103.4331763, 21.2262045], [103.432363, 21.2283638], [103.4328738, 21.2299045], [103.4337363, 21.2313937], [103.4338344, 21.2332048], [103.4332494, 21.2359147], [103.4342246, 21.2378438], [103.4356785, 21.2387898], [103.4363069, 21.2402767], [103.4354124, 21.2418044], [103.4340002, 21.2424495], [103.4328146, 21.24381], [103.4322377, 21.2457519], [103.4319233, 21.2477787], [103.4308451, 21.2500726], [103.4309822, 21.2518735], [103.431577, 21.2535263], [103.431743, 21.2550655], [103.433322, 21.2572888], [103.4347359, 21.259108], [103.4355559, 21.2604091], [103.4372304, 21.2609982], [103.4383634, 21.2622777], [103.4392624, 21.2635064], [103.4388678, 21.2651012], [103.4389256, 21.2670299], [103.4391517, 21.2690697], [103.4387617, 21.2714579], [103.438858, 21.2731147], [103.4404013, 21.274825], [103.4408831, 21.2765059], [103.4402735, 21.2790345], [103.4393464, 21.2820864], [103.4390323, 21.2842278], [103.4391404, 21.2863783], [103.4393061, 21.288006], [103.4382628, 21.2894299], [103.4371861, 21.2918591], [103.4361554, 21.2942459], [103.435109, 21.2959693], [103.4344408, 21.298659], [103.4335113, 21.3022664], [103.4323756, 21.305936], [103.4314823, 21.3082813], [103.4312139, 21.3098835], [103.4308329, 21.3113348], [103.429678, 21.3124795], [103.426873, 21.3140794], [103.4232159, 21.3162917], [103.4208294, 21.3172108], [103.417618, 21.3185568], [103.4159342, 21.3192845], [103.4144077, 21.3193327], [103.4104856, 21.3185255], [103.4084135, 21.3181089], [103.4067642, 21.318068], [103.4043045, 21.3179434], [103.401618, 21.3175254], [103.4000248, 21.3173077], [103.3982419, 21.3171135], [103.3964796, 21.3175271], [103.3947147, 21.3181686], [103.3933512, 21.3191937], [103.3912249, 21.3207433], [103.3895408, 21.3214109], [103.3869274, 21.324209], [103.3855043, 21.32574], [103.3829157, 21.3274875], [103.381158, 21.3286986], [103.3788241, 21.3294105], [103.3769009, 21.3296704], [103.3754205, 21.3290231], [103.3737985, 21.3289568], [103.3721675, 21.3297006], [103.3699339, 21.3311222], [103.3701241, 21.3332883], [103.3711172, 21.335398], [103.3716683, 21.3378808], [103.3716789, 21.3400794], [103.3720834, 21.3415598], [103.3731001, 21.3431284], [103.3756631, 21.3459424], [103.3787625, 21.3478099], [103.3805754, 21.3503048], [103.3818161, 21.3538443], [103.3834001, 21.3564518], [103.3848559, 21.3579753], [103.3866817, 21.3593218], [103.3876506, 21.3604795], [103.3879047, 21.3628774], [103.387902, 21.3647314], [103.3879181, 21.3664707], [103.3871317, 21.3678413], [103.3851538, 21.3691677], [103.3821805, 21.3701399], [103.3804977, 21.3701237], [103.3789553, 21.3701087], [103.376677, 21.3700539], [103.3749172, 21.3706603], [103.3727935, 21.3718753], [103.3706046, 21.3722579], [103.367573, 21.3720392], [103.365688, 21.3717684], [103.3638557, 21.3716243], [103.3620484, 21.3716571], [103.3611421, 21.3731123], [103.360786, 21.3748126], [103.3612246, 21.376609], [103.3614502, 21.3781509], [103.3603862, 21.3804501], [103.3600315, 21.3820242], [103.3594884, 21.3847702], [103.3590257, 21.3863432], [103.3582715, 21.3886832], [103.3574173, 21.3902903], [103.3560047, 21.391607], [103.35446, 21.3916093], [103.3528358, 21.3929082], [103.3509255, 21.3939693], [103.3495735, 21.3950357], [103.3485835, 21.396184], [103.3475476, 21.3972885], [103.3459782, 21.3978128], [103.3449973, 21.3989873], [103.3430781, 21.3991773], [103.34097, 21.3996267], [103.3393379, 21.4012524], [103.3386285, 21.4039805], [103.3376319, 21.4067301], [103.3370911, 21.4083853], [103.3363933, 21.4100877], [103.3358032, 21.4114982], [103.3340763, 21.4118717], [103.3318841, 21.4118499], [103.3306216, 21.4127165], [103.3300302, 21.4142246], [103.3310041, 21.4157972], [103.3325656, 21.4162035], [103.3351787, 21.4167296], [103.3366588, 21.4174538], [103.3377356, 21.41912], [103.3387031, 21.421718], [103.3399768, 21.4245817], [103.3407728, 21.4262189], [103.3431739, 21.4287522], [103.3443998, 21.4296315], [103.3459174, 21.4295677], [103.3487431, 21.4280714], [103.3501728, 21.4270739], [103.3516207, 21.4256954], [103.3531741, 21.4249486], [103.3550554, 21.4249933], [103.3569906, 21.4252488], [103.3580668, 21.4269674], [103.3586674, 21.4285238], [103.361276, 21.4283617], [103.363343, 21.4282565], [103.3650525, 21.4289257], [103.3665519, 21.4291913], [103.3683761, 21.4292091], [103.3699879, 21.429024], [103.3721965, 21.4282424], [103.3737059, 21.4276045], [103.3757136, 21.4280004], [103.3783265, 21.4294815], [103.3793852, 21.4307969], [103.3791517, 21.4325014], [103.3784922, 21.4339005], [103.3775131, 21.4350958], [103.3791487, 21.435187], [103.3818427, 21.4342091], [103.3852764, 21.4342422], [103.3886971, 21.4354799], [103.3909937, 21.4364558], [103.3925586, 21.4362889], [103.3948783, 21.4358051], [103.3962977, 21.4352], [103.3979715, 21.4346959], [103.3993951, 21.4336971], [103.4005841, 21.4321619], [103.402063, 21.4316137], [103.403511, 21.4311213], [103.4056043, 21.4307335], [103.4076254, 21.4300779], [103.4101284, 21.4293144], [103.4116983, 21.4286825], [103.4129419, 21.4276258], [103.4146192, 21.4281759], [103.4154592, 21.4269325], [103.4174795, 21.426333], [103.4192932, 21.426786], [103.4203299, 21.4282017], [103.4211557, 21.4296718], [103.4232237, 21.4302255], [103.4246918, 21.4306611], [103.4263621, 21.4304659], [103.4286186, 21.4302622], [103.4305437, 21.4301396], [103.4319166, 21.4310523], [103.4333956, 21.4318957], [103.4361084, 21.4311899], [103.4377583, 21.4314866], [103.4393438, 21.4322043], [103.440692, 21.4311905], [103.442223, 21.4313735], [103.4434418, 21.4326783], [103.4446016, 21.4338421], [103.4460944, 21.4348119], [103.4471469, 21.4361856], [103.4482171, 21.4373203], [103.447586, 21.4402521], [103.4457729, 21.4423711], [103.4463583, 21.4441563], [103.4485633, 21.4473175], [103.4510595, 21.4504605], [103.4539295, 21.4542561], [103.4561174, 21.4569355], [103.4561287, 21.4601183], [103.4556177, 21.4618724], [103.4547052, 21.465612], [103.4536893, 21.468534], [103.4530905, 21.4701198], [103.4530849, 21.4727789], [103.4531922, 21.4753345], [103.4534511, 21.478373], [103.4533435, 21.4800889], [103.452385, 21.4817971], [103.4493075, 21.4848674], [103.4481209, 21.4861118], [103.447597, 21.4879268], [103.4487294, 21.489892], [103.4496536, 21.4911139], [103.450709, 21.4935503], [103.4507553, 21.4959772], [103.4510915, 21.498272], [103.4513481, 21.5005874], [103.452324, 21.5028231], [103.454257, 21.5045852], [103.4554314, 21.505822], [103.4568891, 21.5081132], [103.4579265, 21.5094626], [103.4591565, 21.5106799], [103.4609146, 21.5116786], [103.4614244, 21.5132018], [103.4597697, 21.5160002], [103.4588225, 21.5174073], [103.4596647, 21.5191582], [103.4614782, 21.519443], [103.4638748, 21.5188393], [103.4668539, 21.5173919], [103.4682943, 21.5167794], [103.4702022, 21.5171991], [103.4723336, 21.5190959], [103.4741416, 21.5199169], [103.4762676, 21.520048], [103.4807121, 21.520178], [103.4822417, 21.5201919], [103.4849511, 21.5216914], [103.4867022, 21.5234057], [103.4892493, 21.5267362], [103.4917872, 21.5286586], [103.4937816, 21.5299728], [103.4964949, 21.5311147], [103.4981166, 21.5314867], [103.4993954, 21.5326604], [103.501206, 21.5332577], [103.5028305, 21.5331557], [103.5040572, 21.534471], [103.5067455, 21.5343502], [103.5085107, 21.5335448], [103.5110976, 21.5332298], [103.5148699, 21.533215], [103.5170901, 21.5333797], [103.5179017, 21.5348844], [103.5173147, 21.5367151], [103.51813, 21.5382212], [103.5185811, 21.5402101], [103.5208191, 21.5424164], [103.5215316, 21.5438742], [103.5216108, 21.546732], [103.5212416, 21.5492183], [103.5207139, 21.5508673], [103.519961, 21.5524131], [103.519139, 21.5540043], [103.5189161, 21.55561], [103.5196729, 21.5575551], [103.5192058, 21.5590393], [103.5198903, 21.5604862], [103.5197698, 21.5621618], [103.5196476, 21.5639986], [103.5206017, 21.5651679], [103.5229714, 21.5665709], [103.5241433, 21.5653493], [103.5259717, 21.5652061], [103.5278387, 21.566042], [103.5293155, 21.5669429], [103.5308158, 21.5667171], [103.5327233, 21.5679939], [103.5332979, 21.5693958], [103.5317022, 21.57044], [103.5310065, 21.5720845], [103.5313275, 21.5739287], [103.532079, 21.5757553], [103.5318367, 21.5773194], [103.5323195, 21.5788473], [103.5319863, 21.5804528], [103.5309336, 21.5815442], [103.5296322, 21.582612], [103.5292993, 21.5841752], [103.5300495, 21.5861288], [103.5313886, 21.5880877], [103.532731, 21.589708], [103.5340812, 21.5905665], [103.536531, 21.5901648], [103.5378973, 21.5894149], [103.5379032, 21.5910869], [103.5377037, 21.5929052], [103.5378991, 21.5959968], [103.538109, 21.5976495], [103.5384746, 21.5995786], [103.5395485, 21.6009002], [103.5409454, 21.601632], [103.5422512, 21.6024053], [103.5446111, 21.6019604], [103.5468778, 21.6017685], [103.5482266, 21.6027962], [103.5486181, 21.604408], [103.5485997, 21.6062703], [103.5486487, 21.6081543], [103.5495407, 21.6095589], [103.5512459, 21.6111822], [103.5525511, 21.6120402], [103.553857, 21.6128135], [103.5541129, 21.614424], [103.5547302, 21.6161226], [103.5555998, 21.6175057], [103.5547609, 21.6198688], [103.5547449, 21.6214771], [103.5565934, 21.6223821], [103.5578991, 21.6231976], [103.5585638, 21.6246849], [103.5595212, 21.6263651], [103.5584982, 21.6290228], [103.5570804, 21.630365], [103.5551222, 21.6313639], [103.5532589, 21.6319403], [103.5516671, 21.6325612], [103.5500705, 21.6336479], [103.5502107, 21.6354904], [103.5506477, 21.6371027], [103.5503593, 21.6387508], [103.5491214, 21.6402216], [103.5470822, 21.6402461], [103.5452311, 21.6395949], [103.5437254, 21.64064], [103.5442085, 21.642168], [103.5427062, 21.6428744], [103.5418986, 21.6443276], [103.5418804, 21.6461475], [103.5429973, 21.6477234], [103.5451141, 21.6490118], [103.5464665, 21.6497008], [103.5469048, 21.6511862], [103.5484444, 21.6512843], [103.5500666, 21.6521874], [103.5520209, 21.6516118], [103.5535359, 21.6519001], [103.5554656, 21.6537793], [103.5570825, 21.6552325], [103.558709, 21.6557123], [103.5577885, 21.6571434], [103.557185, 21.6585773], [103.5576435, 21.6603379], [103.5590279, 21.6623816], [103.5595548, 21.6640792], [103.5603994, 21.6657373], [103.560065, 21.6674699], [103.5612797, 21.6683694], [103.5634654, 21.6695946], [103.5653565, 21.6708385], [103.5665708, 21.6717802], [103.5674575, 21.6737772], [103.5677982, 21.6759812], [103.5683245, 21.6777635], [103.5700124, 21.678942], [103.5714991, 21.6798438], [103.5728046, 21.6807439], [103.574108, 21.6818556], [103.5763614, 21.6831447], [103.5782153, 21.6835839], [103.5800714, 21.6838115], [103.581648, 21.6847984], [103.5832301, 21.6852353], [103.5847592, 21.6841266], [103.5863171, 21.6824045], [103.58764, 21.6815269], [103.588831, 21.6802248], [103.5903965, 21.6776985], [103.5920465, 21.6758078], [103.593417, 21.6746766], [103.5950456, 21.6749866], [103.5953252, 21.676534], [103.5954423, 21.678482], [103.5963323, 21.6801827], [103.5979077, 21.6812965], [103.5987948, 21.6832935], [103.5971719, 21.6847401], [103.5954844, 21.6858262], [103.5945661, 21.687046], [103.5944104, 21.6890765], [103.593846, 21.691188], [103.5930595, 21.6928322], [103.5917316, 21.6942177], [103.5904502, 21.6954766], [103.5887962, 21.6977482], [103.5878391, 21.6992132], [103.5866038, 21.7011994], [103.5854526, 21.7031473], [103.5842642, 21.7046251], [103.5850054, 21.7060019], [103.5860845, 21.7071465], [103.5857538, 21.7088076], [103.5844252, 21.7117329], [103.5830632, 21.7137964], [103.5819591, 21.7151965], [103.5810621, 21.7168724], [103.5797842, 21.7188975], [103.5784914, 21.720517], [103.5779463, 21.7221586], [103.5773354, 21.7245129], [103.5769084, 21.7261006], [103.5761303, 21.7275206], [103.5751166, 21.7289934], [103.5748669, 21.7304729], [103.575378, 21.732288], [103.5734439, 21.7347133], [103.5718983, 21.7364558], [103.5725869, 21.738163], [103.573751, 21.7393254], [103.5719753, 21.7405721], [103.5705027, 21.7408887], [103.5681299, 21.7430631], [103.566642, 21.7449159], [103.5646822, 21.7469292], [103.5630832, 21.7481226], [103.5617742, 21.7497024], [103.5609823, 21.7513133], [103.5602904, 21.7528158], [103.5600996, 21.7544245], [103.5605289, 21.7562731], [103.5592638, 21.7583006], [103.5583776, 21.7595567], [103.5585044, 21.7610766], [103.5572857, 21.7628191], [103.5559887, 21.7636639], [103.5554134, 21.7654833], [103.5536577, 21.7663242], [103.5522953, 21.7671482], [103.5512767, 21.7685253], [103.5494391, 21.7699057], [103.54784, 21.7703604], [103.546348, 21.7710201], [103.5435598, 21.7735131], [103.5418606, 21.7752308], [103.5411906, 21.7766926], [103.5410002, 21.7782403], [103.5420031, 21.7795028], [103.5416585, 21.7811714], [103.5415763, 21.7828217], [103.5432807, 21.7860066], [103.5435264, 21.7876397], [103.54385, 21.7891204], [103.5444184, 21.7912455], [103.5453163, 21.7942602], [103.5462822, 21.7959606], [103.5477103, 21.797339], [103.5475739, 21.7989381], [103.5466202, 21.8003566], [103.5455548, 21.8020188], [103.5436435, 21.8041526], [103.5421631, 21.8057907], [103.5413891, 21.8077918], [103.5407164, 21.8094982], [103.5399776, 21.8112447], [103.5386591, 21.8130779], [103.536727, 21.8139985], [103.5386968, 21.8158098], [103.5396557, 21.8171331], [103.5406825, 21.819303], [103.5416123, 21.8213396], [103.5417697, 21.8230533], [103.540923, 21.8246766], [103.5403245, 21.8265978], [103.5394788, 21.8280987], [103.5378116, 21.8287566], [103.5366425, 21.830897], [103.5355162, 21.8320692], [103.5338992, 21.8320752], [103.5325981, 21.8310852], [103.5311238, 21.8320913], [103.529687, 21.8337093], [103.5280472, 21.8348668], [103.5297832, 21.8381846], [103.5295994, 21.8401297], [103.5291571, 21.8427759], [103.5289342, 21.8442721], [103.5283715, 21.8458775], [103.5275687, 21.84744], [103.5256834, 21.8490844], [103.5249894, 21.8506887], [103.5249514, 21.852258], [103.5237249, 21.8535822], [103.5226869, 21.8567529], [103.5223607, 21.8597976], [103.5223446, 21.8613467], [103.5210504, 21.8628741], [103.5191188, 21.8641111], [103.5177376, 21.8647133], [103.5145711, 21.8659346], [103.5125421, 21.86664], [103.5112216, 21.867525], [103.5107456, 21.8691514], [103.5099482, 21.8712336], [103.5086173, 21.873097], [103.5071239, 21.8737766], [103.5047633, 21.8737755], [103.5022961, 21.8735084], [103.5002279, 21.8738607], [103.4979599, 21.8749837], [103.4962977, 21.8744652], [103.4931438, 21.8758546], [103.4943441, 21.8783356], [103.4955063, 21.8797643], [103.4937291, 21.8808458], [103.4912186, 21.881692], [103.4891423, 21.8832283], [103.4893066, 21.8862489], [103.490365, 21.8882255], [103.4907391, 21.8899672], [103.4865463, 21.8921701], [103.484814, 21.893618], [103.484208, 21.8952592], [103.484823, 21.8974147], [103.4859313, 21.8993004], [103.487186, 21.9012789], [103.4881453, 21.9033462], [103.4865057, 21.9052981], [103.4849219, 21.90661], [103.4831881, 21.9081951], [103.4818519, 21.9092805], [103.4819296, 21.9112025], [103.4818141, 21.9128482], [103.4799246, 21.9152094], [103.481139, 21.9163641], [103.4834292, 21.9178491], [103.4845811, 21.9202842], [103.4833837, 21.9221486], [103.4829252, 21.9237453], [103.483029, 21.9255764], [103.4835558, 21.9290573], [103.4850148, 21.9303059], [103.4870657, 21.9312396], [103.4887732, 21.9321701], [103.4891474, 21.9339119], [103.4861496, 21.9343417], [103.4845601, 21.9361568], [103.4847307, 21.9385827], [103.4859428, 21.9399662], [103.4894564, 21.9418282], [103.4922901, 21.9429978], [103.4950857, 21.9431607], [103.496551, 21.9438145], [103.4961835, 21.9460983], [103.496652, 21.9482067], [103.4986899, 21.9504211], [103.499675, 21.951642], [103.5018954, 21.9527519], [103.5047507, 21.9544801], [103.5057948, 21.9556986], [103.5045756, 21.9574339], [103.5039239, 21.9600252], [103.5039509, 21.9620404], [103.5033444, 21.9649007], [103.5018955, 21.9671255], [103.4987799, 21.9689692], [103.4970678, 21.9698699], [103.4951033, 21.9714275], [103.4929716, 21.9736601], [103.4912118, 21.9747461], [103.4890932, 21.9757329], [103.4869251, 21.9765276], [103.4851739, 21.9767989], [103.482395, 21.9770128], [103.4789486, 21.9771248], [103.4770914, 21.9776825], [103.4755352, 21.978962], [103.4737711, 21.9804311], [103.472314, 21.9820468], [103.4706445, 21.9842835], [103.4685091, 21.9868033], [103.4675053, 21.9892858], [103.4671768, 21.9911516], [103.4669989, 21.9933543], [103.4663596, 21.9954089], [103.4650611, 21.9965947], [103.4631976, 21.9977274], [103.4616854, 21.9990449], [103.4595171, 22.0008123], [103.4582275, 22.0023616], [103.4569645, 22.0036275], [103.4561983, 22.0051755], [103.4551019, 22.0068788], [103.4539714, 22.0087801], [103.4537909, 22.0103605], [103.4541417, 22.0125757], [103.455543, 22.0156112], [103.4574142, 22.0180622], [103.4605658, 22.0200078], [103.4649061, 22.0231849], [103.4670874, 22.0246987], [103.4683304, 22.0256999], [103.469244, 22.0270886], [103.469447, 22.0290126], [103.4682906, 22.0305106], [103.4672205, 22.0316543], [103.4652903, 22.0335285], [103.4626969, 22.0365398], [103.4609914, 22.0393492], [103.4601626, 22.0413504], [103.4594453, 22.0432151], [103.4585326, 22.0457967], [103.4578499, 22.0476795], [103.4564284, 22.0504494], [103.4540946, 22.0530091], [103.4526633, 22.0542633], [103.4504629, 22.0555317], [103.44863, 22.0563849], [103.4466962, 22.0569775], [103.4449821, 22.057385], [103.4427567, 22.0570977], [103.4402631, 22.0556832], [103.4384915, 22.0544758], [103.4369837, 22.0539452], [103.4348643, 22.0553148], [103.4341269, 22.0568383], [103.4331691, 22.0590048], [103.4321282, 22.0610429], [103.4315552, 22.0628994], [103.4296889, 22.0654031], [103.4284521, 22.0664884], [103.4240316, 22.0698637], [103.4222096, 22.0714501], [103.4207266, 22.0738993], [103.4200435, 22.0762988], [103.4193966, 22.079157], [103.419145, 22.0815033], [103.4190019, 22.083297], [103.4185731, 22.0849733], [103.4177934, 22.0868563], [103.4164619, 22.0885621], [103.4151884, 22.0899853], [103.4143431, 22.0909858]]]}}]}